Workbook
Name _FilterDatabase_0: Munition!$A$1:$I$1
Name _FilterDatabase_0: 'Ressourcen-Waffen'!$A$1:$AI$65
Name _FilterDatabase_0: Waffen!$A$1:$AE$90
Name Anpassung: Waffen!$A$91:$A$93
Name gobherstellung: 'Ressourcen-Waffen'!$AL$3:$AL$9
Name Herstellung: 'Ressourcen-Waffen'!$AM$3:$AM$8
Name Modifikatoren: 'Ressourcen-Waffen'!$B$45:$AI$54
Name Res: 'Ressourcen-Waffen'!$A$1:$AI$54
Name Ressourcen: 'Ressourcen-Waffen'!$A$2:$AJ$54
Name Verarb: Waffen!$A$94:$A$100
Name verarbeitung: Waffen!$A$95:$A$100
Name verftab: 'Ressourcen-Waffen'!$AO$3:$AP$9
Name wtab: 'Ressourcen-Waffen'!$AJ$3:$AK$12

Sheet Waffen
A1: Name | B1: Volk | C1: Typ | D1: Bauart | E1: Lademechanik | F1: Schloss | G1: Lauf | H1: Munition | I1: Verarbeitung | J1: Anpassung | K1: Gewicht | L1: Min. Stä | M1: 1.W | N1: 2.W | O1: Fixschaden | P1: RB | Q1: Kaliber | R1: 10m | S1: 30m | T1: 60m | U1: 100m | V1: 150m | W1: 210m | X1: RW | Y1: Nachladezeit | Z1: Nachladen TaW-Teiler | AA1: Patzermodifikator | AB1: Verfügbarkeit | AC1: Preis | AD1: Herstellungszeit | AE1: Materialpreis | AF1: Verfuegbarkeit (1-7)
A2: Hakenbüchse | B2: Dalkinisch | C2: Gewehr | D2: Hakenbüchse | E2: Vorderlader | F2: Luntenschloss | G2: Glattlauf | H2: Blei | I2: Massenfabrikation | J2: Von der Stange | K2: =VLOOKUP(B2,Res,11,0)+VLOOKUP(C2,Res,11,0)+VLOOKUP(D2,Res,11,0)+VLOOKUP(E2,Res,11,0)+VLOOKUP(G2,Res,11,0) -> 6.8 | L2: =VLOOKUP(B2,Res,12,0)+VLOOKUP(C2,Res,12,0)+VLOOKUP(D2,Res,12,0)+VLOOKUP(J2,Res,12,0) -> 14 | M2: =VLOOKUP(VLOOKUP(B2,Res,13,0)+VLOOKUP(C2,Res,13,0)+VLOOKUP(D2,Res,13,0),wtab,2,0) -> W12 | N2: =VLOOKUP(VLOOKUP(B2,Res,14,0)+VLOOKUP(C2,Res,14,0)+VLOOKUP(D2,Res,14,0),wtab,2,0) -> W10 | O2: =VLOOKUP(B2,Res,15,0)+VLOOKUP(C2,Res,15,0)+VLOOKUP(D2,Res,15,0) -> 2 | P2: =VLOOKUP(B2,Res,16,0)+VLOOKUP(C2,Res,16,0)+VLOOKUP(D2,Res,16,0)+VLOOKUP(E2,Res,16,0) -> 14 | Q2: =VLOOKUP(B2,Res,17,0)+VLOOKUP(C2,Res,17,0)+VLOOKUP(D2,Res,17,0)+VLOOKUP(E2,Res,17,0) -> 19 | R2: =VLOOKUP(B2,Res,18,0)+VLOOKUP(C2,Res,18,0)+VLOOKUP(D2,Res,18,0)+VLOOKUP(F2,Res,18,0)+VLOOKUP(G2,Res,18,0)+VLOOKUP(I2,Res,18,0)+VLOOKUP(J2,Res,18,0) -> -1 | S2: =VLOOKUP(B2,Res,19,0)+VLOOKUP(C2,Res,19,0)+VLOOKUP(D2,Res,19,0)+VLOOKUP(F2,Res,19,0)+VLOOKUP(G2,Res,19,0)+VLOOKUP(I2,Res,19,0)+VLOOKUP(J2,Res,19,0) -> -5 | T2: =VLOOKUP(B2,Res,20,0)+VLOOKUP(C2,Res,20,0)+VLOOKUP(D2,Res,20,0)+VLOOKUP(F2,Res,20,0)+VLOOKUP(G2,Res,20,0)+VLOOKUP(I2,Res,20,0)+VLOOKUP(J2,Res,20,0) -> -9 | U2: =VLOOKUP(B2,Res,21,0)+VLOOKUP(C2,Res,21,0)+VLOOKUP(D2,Res,21,0)+VLOOKUP(F2,Res,21,0)+VLOOKUP(G2,Res,21,0)+VLOOKUP(I2,Res,21,0)+VLOOKUP(J2,Res,21,0) -> -15 | V2: =VLOOKUP(B2,Res,22,0)+VLOOKUP(C2,Res,22,0)+VLOOKUP(D2,Res,22,0)+VLOOKUP(F2,Res,22,0)+VLOOKUP(G2,Res,22,0)+VLOOKUP(I2,Res,22,0)+VLOOKUP(J2,Res,22,0) -> -23 | W2: =VLOOKUP(B2,Res,23,0)+VLOOKUP(C2,Res,23,0)+VLOOKUP(D2,Res,23,0)+VLOOKUP(F2,Res,23,0)+VLOOKUP(G2,Res,23,0)+VLOOKUP(I2,Res,23,0)+VLOOKUP(J2,Res,23,0) -> -31 | X2: =VLOOKUP(B2,Res,24,0)+VLOOKUP(C2,Res,24,0)+VLOOKUP(D2,Res,24,0)+VLOOKUP(G2,Res,24,0) -> 60 | Y2: =VLOOKUP(D2,Res,25,0)+VLOOKUP(E2,Res,25,0)+VLOOKUP(F2,Res,25,0) -> 39 | Z2: =VLOOKUP(E2,Res,26,0) -> 3 | AA2: =VLOOKUP(B2,Res,27,0)+VLOOKUP(D2,Res,27,0)+VLOOKUP(F2,Res,27,0)+VLOOKUP(I2,Res,27,0) -> 4 | AB2: =VLOOKUP(B2,Res,28,0)+VLOOKUP(C2,Res,28,0)+VLOOKUP(D2,Res,28,0)+VLOOKUP(E2,Res,28,0)+VLOOKUP(F2,Res,28,0)+VLOOKUP(G2,Res,28,0)+VLOOKUP(I2,Res,28,0)+VLOOKUP(J2,Res,28,0) -> 105 | AC2: =VLOOKUP(I2,Res,31,0)*AD2+AE2 -> 614.7 | AD2: =VLOOKUP(B2,Res,30,0)+VLOOKUP(C2,Res,30,0)+VLOOKUP(D2,Res,30,0)+VLOOKUP(F2,Res,30,0)+VLOOKUP(G2,Res,30,0)+VLOOKUP(I2,Res,30,0)+VLOOKUP(J2,Res,30,0) -> 6.2 | AE2: =(VLOOKUP(C2,Res,32,0)+VLOOKUP(I2,Res,32,0))*(VLOOKUP(B2,Res,34,0)+VLOOKUP(C2,Res,34,0)+VLOOKUP(D2,Res,34,0)+VLOOKUP(E2,Res,34,0)+VLOOKUP(G2,Res,34,0))+VLOOKUP(B2,Res,35,0)+VLOOKUP(C2,Res,35,0)+VLOOKUP(D2,Res,35,0) -> 589.9 | AF2: =VLOOKUP(AB2,verftab,2,1) -> 5
A3: Muskete | B3: Dalkinisch | C3: Gewehr | D3: Normal | E3: Vorderlader | F3: Luntenschloss | G3: Glattlauf | H3: Blei | I3: Massenfabrikation | J3: Von der Stange | K3: =VLOOKUP(B3,Res,11,0)+VLOOKUP(C3,Res,11,0)+VLOOKUP(D3,Res,11,0)+VLOOKUP(E3,Res,11,0)+VLOOKUP(G3,Res,11,0) -> 3.8 | L3: =VLOOKUP(B3,Res,12,0)+VLOOKUP(C3,Res,12,0)+VLOOKUP(D3,Res,12,0)+VLOOKUP(J3,Res,12,0) -> 10 | M3: =VLOOKUP(VLOOKUP(B3,Res,13,0)+VLOOKUP(C3,Res,13,0)+VLOOKUP(D3,Res,13,0),wtab,2,0) -> W8 | N3: =VLOOKUP(VLOOKUP(B3,Res,14,0)+VLOOKUP(C3,Res,14,0)+VLOOKUP(D3,Res,14,0),wtab,2,0) -> W8 | O3: =VLOOKUP(B3,Res,15,0)+VLOOKUP(C3,Res,15,0)+VLOOKUP(D3,Res,15,0) -> 1 | P3: =VLOOKUP(B3,Res,16,0)+VLOOKUP(C3,Res,16,0)+VLOOKUP(D3,Res,16,0)+VLOOKUP(E3,Res,16,0) -> 11 | Q3: =VLOOKUP(B3,Res,17,0)+VLOOKUP(C3,Res,17,0)+VLOOKUP(D3,Res,17,0)+VLOOKUP(E3,Res,17,0) -> 17 | R3: =VLOOKUP(B3,Res,18,0)+VLOOKUP(C3,Res,18,0)+VLOOKUP(D3,Res,18,0)+VLOOKUP(F3,Res,18,0)+VLOOKUP(G3,Res,18,0)+VLOOKUP(I3,Res,18,0)+VLOOKUP(J3,Res,18,0) -> 3 | S3: =VLOOKUP(B3,Res,19,0)+VLOOKUP(C3,Res,19,0)+VLOOKUP(D3,Res,19,0)+VLOOKUP(F3,Res,19,0)+VLOOKUP(G3,Res,19,0)+VLOOKUP(I3,Res,19,0)+VLOOKUP(J3,Res,19,0) -> -3 | T3: =VLOOKUP(B3,Res,20,0)+VLOOKUP(C3,Res,20,0)+VLOOKUP(D3,Res,20,0)+VLOOKUP(F3,Res,20,0)+VLOOKUP(G3,Res,20,0)+VLOOKUP(I3,Res,20,0)+VLOOKUP(J3,Res,20,0) -> -9 | U3: =VLOOKUP(B3,Res,21,0)+VLOOKUP(C3,Res,21,0)+VLOOKUP(D3,Res,21,0)+VLOOKUP(F3,Res,21,0)+VLOOKUP(G3,Res,21,0)+VLOOKUP(I3,Res,21,0)+VLOOKUP(J3,Res,21,0) -> -15 | V3: =VLOOKUP(B3,Res,22,0)+VLOOKUP(C3,Res,22,0)+VLOOKUP(D3,Res,22,0)+VLOOKUP(F3,Res,22,0)+VLOOKUP(G3,Res,22,0)+VLOOKUP(I3,Res,22,0)+VLOOKUP(J3,Res,22,0) -> -23 | W3: =VLOOKUP(B3,Res,23,0)+VLOOKUP(C3,Res,23,0)+VLOOKUP(D3,Res,23,0)+VLOOKUP(F3,Res,23,0)+VLOOKUP(G3,Res,23,0)+VLOOKUP(I3,Res,23,0)+VLOOKUP(J3,Res,23,0) -> -31 | X3: =VLOOKUP(B3,Res,24,0)+VLOOKUP(C3,Res,24,0)+VLOOKUP(D3,Res,24,0)+VLOOKUP(G3,Res,24,0) -> 40 | Y3: =VLOOKUP(D3,Res,25,0)+VLOOKUP(E3,Res,25,0)+VLOOKUP(F3,Res,25,0) -> 31 | Z3: =VLOOKUP(E3,Res,26,0) -> 3 | AA3: =VLOOKUP(B3,Res,27,0)+VLOOKUP(D3,Res,27,0)+VLOOKUP(F3,Res,27,0)+VLOOKUP(I3,Res,27,0) -> 4 | AB3: =VLOOKUP(B3,Res,28,0)+VLOOKUP(C3,Res,28,0)+VLOOKUP(D3,Res,28,0)+VLOOKUP(E3,Res,28,0)+VLOOKUP(F3,Res,28,0)+VLOOKUP(G3,Res,28,0)+VLOOKUP(I3,Res,28,0)+VLOOKUP(J3,Res,28,0) -> 130 | AC3: =VLOOKUP(I3,Res,31,0)*AD3+AE3 -> 242.7 | AD3: =VLOOKUP(B3,Res,30,0)+VLOOKUP(C3,Res,30,0)+VLOOKUP(D3,Res,30,0)+VLOOKUP(F3,Res,30,0)+VLOOKUP(G3,Res,30,0)+VLOOKUP(I3,Res,30,0)+VLOOKUP(J3,Res,30,0) -> 3.2 | AE3: =(VLOOKUP(C3,Res,32,0)+VLOOKUP(I3,Res,32,0))*(VLOOKUP(B3,Res,34,0)+VLOOKUP(C3,Res,34,0)+VLOOKUP(D3,Res,34,0)+VLOOKUP(E3,Res,34,0)+VLOOKUP(G3,Res,34,0))+VLOOKUP(B3,Res,35,0)+VLOOKUP(C3,Res,35,0)+VLOOKUP(D3,Res,35,0) -> 229.9 | AF3: =VLOOKUP(AB3,verftab,2,1) -> 3
A4: Schweres Gewehr | B4: Dalkinisch | C4: Gewehr | D4: Schwer | E4: Vorderlader | F4: Luntenschloss | G4: Glattlauf | H4: Blei | I4: Massenfabrikation | J4: Von der Stange | K4: =VLOOKUP(B4,Res,11,0)+VLOOKUP(C4,Res,11,0)+VLOOKUP(D4,Res,11,0)+VLOOKUP(E4,Res,11,0)+VLOOKUP(G4,Res,11,0) -> 4.8 | L4: =VLOOKUP(B4,Res,12,0)+VLOOKUP(C4,Res,12,0)+VLOOKUP(D4,Res,12,0)+VLOOKUP(J4,Res,12,0) -> 12 | M4: =VLOOKUP(VLOOKUP(B4,Res,13,0)+VLOOKUP(C4,Res,13,0)+VLOOKUP(D4,Res,13,0),wtab,2,0) -> W10 | N4: =VLOOKUP(VLOOKUP(B4,Res,14,0)+VLOOKUP(C4,Res,14,0)+VLOOKUP(D4,Res,14,0),wtab,2,0) -> W10 | O4: =VLOOKUP(B4,Res,15,0)+VLOOKUP(C4,Res,15,0)+VLOOKUP(D4,Res,15,0) -> 2 | P4: =VLOOKUP(B4,Res,16,0)+VLOOKUP(C4,Res,16,0)+VLOOKUP(D4,Res,16,0)+VLOOKUP(E4,Res,16,0) -> 12 | Q4: =VLOOKUP(B4,Res,17,0)+VLOOKUP(C4,Res,17,0)+VLOOKUP(D4,Res,17,0)+VLOOKUP(E4,Res,17,0) -> 18 | R4: =VLOOKUP(B4,Res,18,0)+VLOOKUP(C4,Res,18,0)+VLOOKUP(D4,Res,18,0)+VLOOKUP(F4,Res,18,0)+VLOOKUP(G4,Res,18,0)+VLOOKUP(I4,Res,18,0)+VLOOKUP(J4,Res,18,0) -> 1 | S4: =VLOOKUP(B4,Res,19,0)+VLOOKUP(C4,Res,19,0)+VLOOKUP(D4,Res,19,0)+VLOOKUP(F4,Res,19,0)+VLOOKUP(G4,Res,19,0)+VLOOKUP(I4,Res,19,0)+VLOOKUP(J4,Res,19,0) -> -4 | T4: =VLOOKUP(B4,Res,20,0)+VLOOKUP(C4,Res,20,0)+VLOOKUP(D4,Res,20,0)+VLOOKUP(F4,Res,20,0)+VLOOKUP(G4,Res,20,0)+VLOOKUP(I4,Res,20,0)+VLOOKUP(J4,Res,20,0) -> -9 | U4: =VLOOKUP(B4,Res,21,0)+VLOOKUP(C4,Res,21,0)+VLOOKUP(D4,Res,21,0)+VLOOKUP(F4,Res,21,0)+VLOOKUP(G4,Res,21,0)+VLOOKUP(I4,Res,21,0)+VLOOKUP(J4,Res,21,0) -> -15 | V4: =VLOOKUP(B4,Res,22,0)+VLOOKUP(C4,Res,22,0)+VLOOKUP(D4,Res,22,0)+VLOOKUP(F4,Res,22,0)+VLOOKUP(G4,Res,22,0)+VLOOKUP(I4,Res,22,0)+VLOOKUP(J4,Res,22,0) -> -23 | W4: =VLOOKUP(B4,Res,23,0)+VLOOKUP(C4,Res,23,0)+VLOOKUP(D4,Res,23,0)+VLOOKUP(F4,Res,23,0)+VLOOKUP(G4,Res,23,0)+VLOOKUP(I4,Res,23,0)+VLOOKUP(J4,Res,23,0) -> -31 | X4: =VLOOKUP(B4,Res,24,0)+VLOOKUP(C4,Res,24,0)+VLOOKUP(D4,Res,24,0)+VLOOKUP(G4,Res,24,0) -> 60 | Y4: =VLOOKUP(D4,Res,25,0)+VLOOKUP(E4,Res,25,0)+VLOOKUP(F4,Res,25,0) -> 33 | Z4: =VLOOKUP(E4,Res,26,0) -> 3 | AA4: =VLOOKUP(B4,Res,27,0)+VLOOKUP(D4,Res,27,0)+VLOOKUP(F4,Res,27,0)+VLOOKUP(I4,Res,27,0) -> 4 | AB4: =VLOOKUP(B4,Res,28,0)+VLOOKUP(C4,Res,28,0)+VLOOKUP(D4,Res,28,0)+VLOOKUP(E4,Res,28,0)+VLOOKUP(F4,Res,28,0)+VLOOKUP(G4,Res,28,0)+VLOOKUP(I4,Res,28,0)+VLOOKUP(J4,Res,28,0) -> 120 | AC4: =VLOOKUP(I4,Res,31,0)*AD4+AE4 -> 366.7 | AD4: =VLOOKUP(B4,Res,30,0)+VLOOKUP(C4,Res,30,0)+VLOOKUP(D4,Res,30,0)+VLOOKUP(F4,Res,30,0)+VLOOKUP(G4,Res,30,0)+VLOOKUP(I4,Res,30,0)+VLOOKUP(J4,Res,30,0) -> 4.2 | AE4: =(VLOOKUP(C4,Res,32,0)+VLOOKUP(I4,Res,32,0))*(VLOOKUP(B4,Res,34,0)+VLOOKUP(C4,Res,34,0)+VLOOKUP(D4,Res,34,0)+VLOOKUP(E4,Res,34,0)+VLOOKUP(G4,Res,34,0))+VLOOKUP(B4,Res,35,0)+VLOOKUP(C4,Res,35,0)+VLOOKUP(D4,Res,35,0) -> 349.9 | AF4: =VLOOKUP(AB4,verftab,2,1) -> 4
A5: Langpistole | B5: Dalkinisch | C5: Pistole | D5: Langlauf | E5: Vorderlader | F5: Luntenschloss | G5: Glattlauf | H5: Blei | I5: Massenfabrikation | J5: Von der Stange | K5: =VLOOKUP(B5,Res,11,0)+VLOOKUP(C5,Res,11,0)+VLOOKUP(D5,Res,11,0)+VLOOKUP(E5,Res,11,0)+VLOOKUP(G5,Res,11,0) -> 1.85 | L5: =VLOOKUP(B5,Res,12,0)+VLOOKUP(C5,Res,12,0)+VLOOKUP(D5,Res,12,0)+VLOOKUP(J5,Res,12,0) -> 7 | M5: =VLOOKUP(VLOOKUP(B5,Res,13,0)+VLOOKUP(C5,Res,13,0)+VLOOKUP(D5,Res,13,0),wtab,2,0) -> W8 | N5: =VLOOKUP(VLOOKUP(B5,Res,14,0)+VLOOKUP(C5,Res,14,0)+VLOOKUP(D5,Res,14,0),wtab,2,0) -> W10 | O5: =VLOOKUP(B5,Res,15,0)+VLOOKUP(C5,Res,15,0)+VLOOKUP(D5,Res,15,0) -> 1 | P5: =VLOOKUP(B5,Res,16,0)+VLOOKUP(C5,Res,16,0)+VLOOKUP(D5,Res,16,0)+VLOOKUP(E5,Res,16,0) -> 6 | Q5: =VLOOKUP(B5,Res,17,0)+VLOOKUP(C5,Res,17,0)+VLOOKUP(D5,Res,17,0)+VLOOKUP(E5,Res,17,0) -> 14 | R5: =VLOOKUP(B5,Res,18,0)+VLOOKUP(C5,Res,18,0)+VLOOKUP(D5,Res,18,0)+VLOOKUP(F5,Res,18,0)+VLOOKUP(G5,Res,18,0)+VLOOKUP(I5,Res,18,0)+VLOOKUP(J5,Res,18,0) -> 5 | S5: =VLOOKUP(B5,Res,19,0)+VLOOKUP(C5,Res,19,0)+VLOOKUP(D5,Res,19,0)+VLOOKUP(F5,Res,19,0)+VLOOKUP(G5,Res,19,0)+VLOOKUP(I5,Res,19,0)+VLOOKUP(J5,Res,19,0) -> -1 | T5: =VLOOKUP(B5,Res,20,0)+VLOOKUP(C5,Res,20,0)+VLOOKUP(D5,Res,20,0)+VLOOKUP(F5,Res,20,0)+VLOOKUP(G5,Res,20,0)+VLOOKUP(I5,Res,20,0)+VLOOKUP(J5,Res,20,0) -> -13 | U5: =VLOOKUP(B5,Res,21,0)+VLOOKUP(C5,Res,21,0)+VLOOKUP(D5,Res,21,0)+VLOOKUP(F5,Res,21,0)+VLOOKUP(G5,Res,21,0)+VLOOKUP(I5,Res,21,0)+VLOOKUP(J5,Res,21,0) -> -25 | V5: =VLOOKUP(B5,Res,22,0)+VLOOKUP(C5,Res,22,0)+VLOOKUP(D5,Res,22,0)+VLOOKUP(F5,Res,22,0)+VLOOKUP(G5,Res,22,0)+VLOOKUP(I5,Res,22,0)+VLOOKUP(J5,Res,22,0) -> -40 | W5: =VLOOKUP(B5,Res,23,0)+VLOOKUP(C5,Res,23,0)+VLOOKUP(D5,Res,23,0)+VLOOKUP(F5,Res,23,0)+VLOOKUP(G5,Res,23,0)+VLOOKUP(I5,Res,23,0)+VLOOKUP(J5,Res,23,0) -> -56 | X5: =VLOOKUP(B5,Res,24,0)+VLOOKUP(C5,Res,24,0)+VLOOKUP(D5,Res,24,0)+VLOOKUP(G5,Res,24,0) -> 40 | Y5: =VLOOKUP(D5,Res,25,0)+VLOOKUP(E5,Res,25,0)+VLOOKUP(F5,Res,25,0) -> 31 | Z5: =VLOOKUP(E5,Res,26,0) -> 3 | AA5: =VLOOKUP(B5,Res,27,0)+VLOOKUP(D5,Res,27,0)+VLOOKUP(F5,Res,27,0)+VLOOKUP(I5,Res,27,0) -> 4 | AB5: =VLOOKUP(B5,Res,28,0)+VLOOKUP(C5,Res,28,0)+VLOOKUP(D5,Res,28,0)+VLOOKUP(E5,Res,28,0)+VLOOKUP(F5,Res,28,0)+VLOOKUP(G5,Res,28,0)+VLOOKUP(I5,Res,28,0)+VLOOKUP(J5,Res,28,0) -> 115 | AC5: =VLOOKUP(I5,Res,31,0)*AD5+AE5 -> 170.55 | AD5: =VLOOKUP(B5,Res,30,0)+VLOOKUP(C5,Res,30,0)+VLOOKUP(D5,Res,30,0)+VLOOKUP(F5,Res,30,0)+VLOOKUP(G5,Res,30,0)+VLOOKUP(I5,Res,30,0)+VLOOKUP(J5,Res,30,0) -> 3.5 | AE5: =(VLOOKUP(C5,Res,32,0)+VLOOKUP(I5,Res,32,0))*(VLOOKUP(B5,Res,34,0)+VLOOKUP(C5,Res,34,0)+VLOOKUP(D5,Res,34,0)+VLOOKUP(E5,Res,34,0)+VLOOKUP(G5,Res,34,0))+VLOOKUP(B5,Res,35,0)+VLOOKUP(C5,Res,35,0)+VLOOKUP(D5,Res,35,0) -> 156.55 | AF5: =VLOOKUP(AB5,verftab,2,1) -> 4
A6: Pistole | B6: Dalkinisch | C6: Pistole | D6: Normal P | E6: Vorderlader | F6: Luntenschloss | G6: Glattlauf | H6: Blei | I6: Massenfabrikation | J6: Von der Stange | K6: =VLOOKUP(B6,Res,11,0)+VLOOKUP(C6,Res,11,0)+VLOOKUP(D6,Res,11,0)+VLOOKUP(E6,Res,11,0)+VLOOKUP(G6,Res,11,0) -> 1.55 | L6: =VLOOKUP(B6,Res,12,0)+VLOOKUP(C6,Res,12,0)+VLOOKUP(D6,Res,12,0)+VLOOKUP(J6,Res,12,0) -> 7 | M6: =VLOOKUP(VLOOKUP(B6,Res,13,0)+VLOOKUP(C6,Res,13,0)+VLOOKUP(D6,Res,13,0),wtab,2,0) -> W8 | N6: =VLOOKUP(VLOOKUP(B6,Res,14,0)+VLOOKUP(C6,Res,14,0)+VLOOKUP(D6,Res,14,0),wtab,2,0) -> W8 | O6: =VLOOKUP(B6,Res,15,0)+VLOOKUP(C6,Res,15,0)+VLOOKUP(D6,Res,15,0) -> 0 | P6: =VLOOKUP(B6,Res,16,0)+VLOOKUP(C6,Res,16,0)+VLOOKUP(D6,Res,16,0)+VLOOKUP(E6,Res,16,0) -> 6 | Q6: =VLOOKUP(B6,Res,17,0)+VLOOKUP(C6,Res,17,0)+VLOOKUP(D6,Res,17,0)+VLOOKUP(E6,Res,17,0) -> 14 | R6: =VLOOKUP(B6,Res,18,0)+VLOOKUP(C6,Res,18,0)+VLOOKUP(D6,Res,18,0)+VLOOKUP(F6,Res,18,0)+VLOOKUP(G6,Res,18,0)+VLOOKUP(I6,Res,18,0)+VLOOKUP(J6,Res,18,0) -> 6 | S6: =VLOOKUP(B6,Res,19,0)+VLOOKUP(C6,Res,19,0)+VLOOKUP(D6,Res,19,0)+VLOOKUP(F6,Res,19,0)+VLOOKUP(G6,Res,19,0)+VLOOKUP(I6,Res,19,0)+VLOOKUP(J6,Res,19,0) -> -3 | T6: =VLOOKUP(B6,Res,20,0)+VLOOKUP(C6,Res,20,0)+VLOOKUP(D6,Res,20,0)+VLOOKUP(F6,Res,20,0)+VLOOKUP(G6,Res,20,0)+VLOOKUP(I6,Res,20,0)+VLOOKUP(J6,Res,20,0) -> -14 | U6: =VLOOKUP(B6,Res,21,0)+VLOOKUP(C6,Res,21,0)+VLOOKUP(D6,Res,21,0)+VLOOKUP(F6,Res,21,0)+VLOOKUP(G6,Res,21,0)+VLOOKUP(I6,Res,21,0)+VLOOKUP(J6,Res,21,0) -> -26 | V6: =VLOOKUP(B6,Res,22,0)+VLOOKUP(C6,Res,22,0)+VLOOKUP(D6,Res,22,0)+VLOOKUP(F6,Res,22,0)+VLOOKUP(G6,Res,22,0)+VLOOKUP(I6,Res,22,0)+VLOOKUP(J6,Res,22,0) -> -41 | W6: =VLOOKUP(B6,Res,23,0)+VLOOKUP(C6,Res,23,0)+VLOOKUP(D6,Res,23,0)+VLOOKUP(F6,Res,23,0)+VLOOKUP(G6,Res,23,0)+VLOOKUP(I6,Res,23,0)+VLOOKUP(J6,Res,23,0) -> -57 | X6: =VLOOKUP(B6,Res,24,0)+VLOOKUP(C6,Res,24,0)+VLOOKUP(D6,Res,24,0)+VLOOKUP(G6,Res,24,0) -> 30 | Y6: =VLOOKUP(D6,Res,25,0)+VLOOKUP(E6,Res,25,0)+VLOOKUP(F6,Res,25,0) -> 31 | Z6: =VLOOKUP(E6,Res,26,0) -> 3 | AA6: =VLOOKUP(B6,Res,27,0)+VLOOKUP(D6,Res,27,0)+VLOOKUP(F6,Res,27,0)+VLOOKUP(I6,Res,27,0) -> 4 | AB6: =VLOOKUP(B6,Res,28,0)+VLOOKUP(C6,Res,28,0)+VLOOKUP(D6,Res,28,0)+VLOOKUP(E6,Res,28,0)+VLOOKUP(F6,Res,28,0)+VLOOKUP(G6,Res,28,0)+VLOOKUP(I6,Res,28,0)+VLOOKUP(J6,Res,28,0) -> 130 | AC6: =VLOOKUP(I6,Res,31,0)*AD6+AE6 -> 132.55 | AD6: =VLOOKUP(B6,Res,30,0)+VLOOKUP(C6,Res,30,0)+VLOOKUP(D6,Res,30,0)+VLOOKUP(F6,Res,30,0)+VLOOKUP(G6,Res,30,0)+VLOOKUP(I6,Res,30,0)+VLOOKUP(J6,Res,30,0) -> 3 | AE6: =(VLOOKUP(C6,Res,32,0)+VLOOKUP(I6,Res,32,0))*(VLOOKUP(B6,Res,34,0)+VLOOKUP(C6,Res,34,0)+VLOOKUP(D6,Res,34,0)+VLOOKUP(E6,Res,34,0)+VLOOKUP(G6,Res,34,0))+VLOOKUP(B6,Res,35,0)+VLOOKUP(C6,Res,35,0)+VLOOKUP(D6,Res,35,0) -> 120.55 | AF6: =VLOOKUP(AB6,verftab,2,1) -> 3
A7: verb. Langpistole | B7: Dalkinisch | C7: Pistole | D7: Langlauf | E7: Vorderlader | F7: Steinschloss | G7: Glattlauf | H7: Blei | I7: Massenfabrikation | J7: Von der Stange | K7: =VLOOKUP(B7,Res,11,0)+VLOOKUP(C7,Res,11,0)+VLOOKUP(D7,Res,11,0)+VLOOKUP(E7,Res,11,0)+VLOOKUP(G7,Res,11,0) -> 1.85 | L7: =VLOOKUP(B7,Res,12,0)+VLOOKUP(C7,Res,12,0)+VLOOKUP(D7,Res,12,0)+VLOOKUP(J7,Res,12,0) -> 7 | M7: =VLOOKUP(VLOOKUP(B7,Res,13,0)+VLOOKUP(C7,Res,13,0)+VLOOKUP(D7,Res,13,0),wtab,2,0) -> W8 | N7: =VLOOKUP(VLOOKUP(B7,Res,14,0)+VLOOKUP(C7,Res,14,0)+VLOOKUP(D7,Res,14,0),wtab,2,0) -> W10 | O7: =VLOOKUP(B7,Res,15,0)+VLOOKUP(C7,Res,15,0)+VLOOKUP(D7,Res,15,0) -> 1 | P7: =VLOOKUP(B7,Res,16,0)+VLOOKUP(C7,Res,16,0)+VLOOKUP(D7,Res,16,0)+VLOOKUP(E7,Res,16,0) -> 6 | Q7: =VLOOKUP(B7,Res,17,0)+VLOOKUP(C7,Res,17,0)+VLOOKUP(D7,Res,17,0)+VLOOKUP(E7,Res,17,0) -> 14 | R7: =VLOOKUP(B7,Res,18,0)+VLOOKUP(C7,Res,18,0)+VLOOKUP(D7,Res,18,0)+VLOOKUP(F7,Res,18,0)+VLOOKUP(G7,Res,18,0)+VLOOKUP(I7,Res,18,0)+VLOOKUP(J7,Res,18,0) -> 6 | S7: =VLOOKUP(B7,Res,19,0)+VLOOKUP(C7,Res,19,0)+VLOOKUP(D7,Res,19,0)+VLOOKUP(F7,Res,19,0)+VLOOKUP(G7,Res,19,0)+VLOOKUP(I7,Res,19,0)+VLOOKUP(J7,Res,19,0) -> 0 | T7: =VLOOKUP(B7,Res,20,0)+VLOOKUP(C7,Res,20,0)+VLOOKUP(D7,Res,20,0)+VLOOKUP(F7,Res,20,0)+VLOOKUP(G7,Res,20,0)+VLOOKUP(I7,Res,20,0)+VLOOKUP(J7,Res,20,0) -> -12 | U7: =VLOOKUP(B7,Res,21,0)+VLOOKUP(C7,Res,21,0)+VLOOKUP(D7,Res,21,0)+VLOOKUP(F7,Res,21,0)+VLOOKUP(G7,Res,21,0)+VLOOKUP(I7,Res,21,0)+VLOOKUP(J7,Res,21,0) -> -24 | V7: =VLOOKUP(B7,Res,22,0)+VLOOKUP(C7,Res,22,0)+VLOOKUP(D7,Res,22,0)+VLOOKUP(F7,Res,22,0)+VLOOKUP(G7,Res,22,0)+VLOOKUP(I7,Res,22,0)+VLOOKUP(J7,Res,22,0) -> -39 | W7: =VLOOKUP(B7,Res,23,0)+VLOOKUP(C7,Res,23,0)+VLOOKUP(D7,Res,23,0)+VLOOKUP(F7,Res,23,0)+VLOOKUP(G7,Res,23,0)+VLOOKUP(I7,Res,23,0)+VLOOKUP(J7,Res,23,0) -> -55 | X7: =VLOOKUP(B7,Res,24,0)+VLOOKUP(C7,Res,24,0)+VLOOKUP(D7,Res,24,0)+VLOOKUP(G7,Res,24,0) -> 40 | Y7: =VLOOKUP(D7,Res,25,0)+VLOOKUP(E7,Res,25,0)+VLOOKUP(F7,Res,25,0) -> 30 | Z7: =VLOOKUP(E7,Res,26,0) -> 3 | AA7: =VLOOKUP(B7,Res,27,0)+VLOOKUP(D7,Res,27,0)+VLOOKUP(F7,Res,27,0)+VLOOKUP(I7,Res,27,0) -> 3 | AB7: =VLOOKUP(B7,Res,28,0)+VLOOKUP(C7,Res,28,0)+VLOOKUP(D7,Res,28,0)+VLOOKUP(E7,Res,28,0)+VLOOKUP(F7,Res,28,0)+VLOOKUP(G7,Res,28,0)+VLOOKUP(I7,Res,28,0)+VLOOKUP(J7,Res,28,0) -> 115 | AC7: =VLOOKUP(I7,Res,31,0)*AD7+AE7 -> 174.55 | AD7: =VLOOKUP(B7,Res,30,0)+VLOOKUP(C7,Res,30,0)+VLOOKUP(D7,Res,30,0)+VLOOKUP(F7,Res,30,0)+VLOOKUP(G7,Res,30,0)+VLOOKUP(I7,Res,30,0)+VLOOKUP(J7,Res,30,0) -> 4.5 | AE7: =(VLOOKUP(C7,Res,32,0)+VLOOKUP(I7,Res,32,0))*(VLOOKUP(B7,Res,34,0)+VLOOKUP(C7,Res,34,0)+VLOOKUP(D7,Res,34,0)+VLOOKUP(E7,Res,34,0)+VLOOKUP(G7,Res,34,0))+VLOOKUP(B7,Res,35,0)+VLOOKUP(C7,Res,35,0)+VLOOKUP(D7,Res,35,0) -> 156.55 | AF7: =VLOOKUP(AB7,verftab,2,1) -> 4
A8: Schalarr | B8: Drow | C8: Gewehr | D8: Karabiner | E8: Hinterlader | F8: Nadelzündung | G8: Glattlauf | H8: Papier Patrone | I8: Massenfabrikation | J8: Von der Stange | K8: =VLOOKUP(B8,Res,11,0)+VLOOKUP(C8,Res,11,0)+VLOOKUP(D8,Res,11,0)+VLOOKUP(E8,Res,11,0)+VLOOKUP(G8,Res,11,0) -> 4 | L8: =VLOOKUP(B8,Res,12,0)+VLOOKUP(C8,Res,12,0)+VLOOKUP(D8,Res,12,0)+VLOOKUP(J8,Res,12,0) -> 10 | M8: =VLOOKUP(VLOOKUP(B8,Res,13,0)+VLOOKUP(C8,Res,13,0)+VLOOKUP(D8,Res,13,0),wtab,2,0) -> W12 | N8: =VLOOKUP(VLOOKUP(B8,Res,14,0)+VLOOKUP(C8,Res,14,0)+VLOOKUP(D8,Res,14,0),wtab,2,0) -> W10 | O8: =VLOOKUP(B8,Res,15,0)+VLOOKUP(C8,Res,15,0)+VLOOKUP(D8,Res,15,0) -> 1 | P8: =VLOOKUP(B8,Res,16,0)+VLOOKUP(C8,Res,16,0)+VLOOKUP(D8,Res,16,0)+VLOOKUP(E8,Res,16,0) -> 11 | Q8: =VLOOKUP(B8,Res,17,0)+VLOOKUP(C8,Res,17,0)+VLOOKUP(D8,Res,17,0)+VLOOKUP(E8,Res,17,0) -> 18 | R8: =VLOOKUP(B8,Res,18,0)+VLOOKUP(C8,Res,18,0)+VLOOKUP(D8,Res,18,0)+VLOOKUP(F8,Res,18,0)+VLOOKUP(G8,Res,18,0)+VLOOKUP(I8,Res,18,0)+VLOOKUP(J8,Res,18,0) -> 9 | S8: =VLOOKUP(B8,Res,19,0)+VLOOKUP(C8,Res,19,0)+VLOOKUP(D8,Res,19,0)+VLOOKUP(F8,Res,19,0)+VLOOKUP(G8,Res,19,0)+VLOOKUP(I8,Res,19,0)+VLOOKUP(J8,Res,19,0) -> 1 | T8: =VLOOKUP(B8,Res,20,0)+VLOOKUP(C8,Res,20,0)+VLOOKUP(D8,Res,20,0)+VLOOKUP(F8,Res,20,0)+VLOOKUP(G8,Res,20,0)+VLOOKUP(I8,Res,20,0)+VLOOKUP(J8,Res,20,0) -> -7 | U8: =VLOOKUP(B8,Res,21,0)+VLOOKUP(C8,Res,21,0)+VLOOKUP(D8,Res,21,0)+VLOOKUP(F8,Res,21,0)+VLOOKUP(G8,Res,21,0)+VLOOKUP(I8,Res,21,0)+VLOOKUP(J8,Res,21,0) -> -15 | V8: =VLOOKUP(B8,Res,22,0)+VLOOKUP(C8,Res,22,0)+VLOOKUP(D8,Res,22,0)+VLOOKUP(F8,Res,22,0)+VLOOKUP(G8,Res,22,0)+VLOOKUP(I8,Res,22,0)+VLOOKUP(J8,Res,22,0) -> -25 | W8: =VLOOKUP(B8,Res,23,0)+VLOOKUP(C8,Res,23,0)+VLOOKUP(D8,Res,23,0)+VLOOKUP(F8,Res,23,0)+VLOOKUP(G8,Res,23,0)+VLOOKUP(I8,Res,23,0)+VLOOKUP(J8,Res,23,0) -> -36 | X8: =VLOOKUP(B8,Res,24,0)+VLOOKUP(C8,Res,24,0)+VLOOKUP(D8,Res,24,0)+VLOOKUP(G8,Res,24,0) -> 30 | Y8: =VLOOKUP(D8,Res,25,0)+VLOOKUP(E8,Res,25,0)+VLOOKUP(F8,Res,25,0) -> 11 | Z8: =VLOOKUP(E8,Res,26,0) -> 6 | AA8: =VLOOKUP(B8,Res,27,0)+VLOOKUP(D8,Res,27,0)+VLOOKUP(F8,Res,27,0)+VLOOKUP(I8,Res,27,0) -> -1 | AB8: =VLOOKUP(B8,Res,28,0)+VLOOKUP(C8,Res,28,0)+VLOOKUP(D8,Res,28,0)+VLOOKUP(E8,Res,28,0)+VLOOKUP(F8,Res,28,0)+VLOOKUP(G8,Res,28,0)+VLOOKUP(I8,Res,28,0)+VLOOKUP(J8,Res,28,0) -> 80 | AC8: =VLOOKUP(I8,Res,31,0)*AD8+AE8 -> 298.6 | AD8: =VLOOKUP(B8,Res,30,0)+VLOOKUP(C8,Res,30,0)+VLOOKUP(D8,Res,30,0)+VLOOKUP(F8,Res,30,0)+VLOOKUP(G8,Res,30,0)+VLOOKUP(I8,Res,30,0)+VLOOKUP(J8,Res,30,0) -> 8.2 | AE8: =(VLOOKUP(C8,Res,32,0)+VLOOKUP(I8,Res,32,0))*(VLOOKUP(B8,Res,34,0)+VLOOKUP(C8,Res,34,0)+VLOOKUP(D8,Res,34,0)+VLOOKUP(E8,Res,34,0)+VLOOKUP(G8,Res,34,0))+VLOOKUP(B8,Res,35,0)+VLOOKUP(C8,Res,35,0)+VLOOKUP(D8,Res,35,0) -> 265.8 | AF8: =VLOOKUP(AB8,verftab,2,1) -> 6
A9: Schapschu | B9: Drow | C9: Gewehr | D9: Karabiner | E9: Klapplauf | F9: Schlagbolzen | G9: Gezogen | H9: Messing Patrone | I9: Massenfabrikation | J9: Von der Stange | K9: =VLOOKUP(B9,Res,11,0)+VLOOKUP(C9,Res,11,0)+VLOOKUP(D9,Res,11,0)+VLOOKUP(E9,Res,11,0)+VLOOKUP(G9,Res,11,0) -> 4.15 | L9: =VLOOKUP(B9,Res,12,0)+VLOOKUP(C9,Res,12,0)+VLOOKUP(D9,Res,12,0)+VLOOKUP(J9,Res,12,0) -> 10 | M9: =VLOOKUP(VLOOKUP(B9,Res,13,0)+VLOOKUP(C9,Res,13,0)+VLOOKUP(D9,Res,13,0),wtab,2,0) -> W12 | N9: =VLOOKUP(VLOOKUP(B9,Res,14,0)+VLOOKUP(C9,Res,14,0)+VLOOKUP(D9,Res,14,0),wtab,2,0) -> W10 | O9: =VLOOKUP(B9,Res,15,0)+VLOOKUP(C9,Res,15,0)+VLOOKUP(D9,Res,15,0) -> 1 | P9: =VLOOKUP(B9,Res,16,0)+VLOOKUP(C9,Res,16,0)+VLOOKUP(D9,Res,16,0)+VLOOKUP(E9,Res,16,0) -> 17 | Q9: =VLOOKUP(B9,Res,17,0)+VLOOKUP(C9,Res,17,0)+VLOOKUP(D9,Res,17,0)+VLOOKUP(E9,Res,17,0) -> 12 | R9: =VLOOKUP(B9,Res,18,0)+VLOOKUP(C9,Res,18,0)+VLOOKUP(D9,Res,18,0)+VLOOKUP(F9,Res,18,0)+VLOOKUP(G9,Res,18,0)+VLOOKUP(I9,Res,18,0)+VLOOKUP(J9,Res,18,0) -> 11 | S9: =VLOOKUP(B9,Res,19,0)+VLOOKUP(C9,Res,19,0)+VLOOKUP(D9,Res,19,0)+VLOOKUP(F9,Res,19,0)+VLOOKUP(G9,Res,19,0)+VLOOKUP(I9,Res,19,0)+VLOOKUP(J9,Res,19,0) -> 4 | T9: =VLOOKUP(B9,Res,20,0)+VLOOKUP(C9,Res,20,0)+VLOOKUP(D9,Res,20,0)+VLOOKUP(F9,Res,20,0)+VLOOKUP(G9,Res,20,0)+VLOOKUP(I9,Res,20,0)+VLOOKUP(J9,Res,20,0) -> -4 | U9: =VLOOKUP(B9,Res,21,0)+VLOOKUP(C9,Res,21,0)+VLOOKUP(D9,Res,21,0)+VLOOKUP(F9,Res,21,0)+VLOOKUP(G9,Res,21,0)+VLOOKUP(I9,Res,21,0)+VLOOKUP(J9,Res,21,0) -> -13 | V9: =VLOOKUP(B9,Res,22,0)+VLOOKUP(C9,Res,22,0)+VLOOKUP(D9,Res,22,0)+VLOOKUP(F9,Res,22,0)+VLOOKUP(G9,Res,22,0)+VLOOKUP(I9,Res,22,0)+VLOOKUP(J9,Res,22,0) -> -24 | W9: =VLOOKUP(B9,Res,23,0)+VLOOKUP(C9,Res,23,0)+VLOOKUP(D9,Res,23,0)+VLOOKUP(F9,Res,23,0)+VLOOKUP(G9,Res,23,0)+VLOOKUP(I9,Res,23,0)+VLOOKUP(J9,Res,23,0) -> -35 | X9: =VLOOKUP(B9,Res,24,0)+VLOOKUP(C9,Res,24,0)+VLOOKUP(D9,Res,24,0)+VLOOKUP(G9,Res,24,0) -> 60 | Y9: =VLOOKUP(D9,Res,25,0)+VLOOKUP(E9,Res,25,0)+VLOOKUP(F9,Res,25,0) -> 9 | Z9: =VLOOKUP(E9,Res,26,0) -> 6 | AA9: =VLOOKUP(B9,Res,27,0)+VLOOKUP(D9,Res,27,0)+VLOOKUP(F9,Res,27,0)+VLOOKUP(I9,Res,27,0) -> -2 | AB9: =VLOOKUP(B9,Res,28,0)+VLOOKUP(C9,Res,28,0)+VLOOKUP(D9,Res,28,0)+VLOOKUP(E9,Res,28,0)+VLOOKUP(F9,Res,28,0)+VLOOKUP(G9,Res,28,0)+VLOOKUP(I9,Res,28,0)+VLOOKUP(J9,Res,28,0) -> 50 | AC9: =VLOOKUP(I9,Res,31,0)*AD9+AE9 -> 326.6 | AD9: =VLOOKUP(B9,Res,30,0)+VLOOKUP(C9,Res,30,0)+VLOOKUP(D9,Res,30,0)+VLOOKUP(F9,Res,30,0)+VLOOKUP(G9,Res,30,0)+VLOOKUP(I9,Res,30,0)+VLOOKUP(J9,Res,30,0) -> 10.7 | AE9: =(VLOOKUP(C9,Res,32,0)+VLOOKUP(I9,Res,32,0))*(VLOOKUP(B9,Res,34,0)+VLOOKUP(C9,Res,34,0)+VLOOKUP(D9,Res,34,0)+VLOOKUP(E9,Res,34,0)+VLOOKUP(G9,Res,34,0))+VLOOKUP(B9,Res,35,0)+VLOOKUP(C9,Res,35,0)+VLOOKUP(D9,Res,35,0) -> 283.8 | AF9: =VLOOKUP(AB9,verftab,2,1) -> 7
A10: Ssussun | B10: Drow | C10: Gewehr | D10: Normal | E10: Vorderlader | F10: Steinschloss | G10: Glattlauf | H10: Blei | I10: Massenfabrikation | J10: Von der Stange | K10: =VLOOKUP(B10,Res,11,0)+VLOOKUP(C10,Res,11,0)+VLOOKUP(D10,Res,11,0)+VLOOKUP(E10,Res,11,0)+VLOOKUP(G10,Res,11,0) -> 4.8 | L10: =VLOOKUP(B10,Res,12,0)+VLOOKUP(C10,Res,12,0)+VLOOKUP(D10,Res,12,0)+VLOOKUP(J10,Res,12,0) -> 11 | M10: =VLOOKUP(VLOOKUP(B10,Res,13,0)+VLOOKUP(C10,Res,13,0)+VLOOKUP(D10,Res,13,0),wtab,2,0) -> W12 | N10: =VLOOKUP(VLOOKUP(B10,Res,14,0)+VLOOKUP(C10,Res,14,0)+VLOOKUP(D10,Res,14,0),wtab,2,0) -> W10 | O10: =VLOOKUP(B10,Res,15,0)+VLOOKUP(C10,Res,15,0)+VLOOKUP(D10,Res,15,0) -> 1 | P10: =VLOOKUP(B10,Res,16,0)+VLOOKUP(C10,Res,16,0)+VLOOKUP(D10,Res,16,0)+VLOOKUP(E10,Res,16,0) -> 11 | Q10: =VLOOKUP(B10,Res,17,0)+VLOOKUP(C10,Res,17,0)+VLOOKUP(D10,Res,17,0)+VLOOKUP(E10,Res,17,0) -> 18 | R10: =VLOOKUP(B10,Res,18,0)+VLOOKUP(C10,Res,18,0)+VLOOKUP(D10,Res,18,0)+VLOOKUP(F10,Res,18,0)+VLOOKUP(G10,Res,18,0)+VLOOKUP(I10,Res,18,0)+VLOOKUP(J10,Res,18,0) -> 5 | S10: =VLOOKUP(B10,Res,19,0)+VLOOKUP(C10,Res,19,0)+VLOOKUP(D10,Res,19,0)+VLOOKUP(F10,Res,19,0)+VLOOKUP(G10,Res,19,0)+VLOOKUP(I10,Res,19,0)+VLOOKUP(J10,Res,19,0) -> -1 | T10: =VLOOKUP(B10,Res,20,0)+VLOOKUP(C10,Res,20,0)+VLOOKUP(D10,Res,20,0)+VLOOKUP(F10,Res,20,0)+VLOOKUP(G10,Res,20,0)+VLOOKUP(I10,Res,20,0)+VLOOKUP(J10,Res,20,0) -> -7 | U10: =VLOOKUP(B10,Res,21,0)+VLOOKUP(C10,Res,21,0)+VLOOKUP(D10,Res,21,0)+VLOOKUP(F10,Res,21,0)+VLOOKUP(G10,Res,21,0)+VLOOKUP(I10,Res,21,0)+VLOOKUP(J10,Res,21,0) -> -13 | V10: =VLOOKUP(B10,Res,22,0)+VLOOKUP(C10,Res,22,0)+VLOOKUP(D10,Res,22,0)+VLOOKUP(F10,Res,22,0)+VLOOKUP(G10,Res,22,0)+VLOOKUP(I10,Res,22,0)+VLOOKUP(J10,Res,22,0) -> -21 | W10: =VLOOKUP(B10,Res,23,0)+VLOOKUP(C10,Res,23,0)+VLOOKUP(D10,Res,23,0)+VLOOKUP(F10,Res,23,0)+VLOOKUP(G10,Res,23,0)+VLOOKUP(I10,Res,23,0)+VLOOKUP(J10,Res,23,0) -> -30 | X10: =VLOOKUP(B10,Res,24,0)+VLOOKUP(C10,Res,24,0)+VLOOKUP(D10,Res,24,0)+VLOOKUP(G10,Res,24,0) -> 40 | Y10: =VLOOKUP(D10,Res,25,0)+VLOOKUP(E10,Res,25,0)+VLOOKUP(F10,Res,25,0) -> 30 | Z10: =VLOOKUP(E10,Res,26,0) -> 3 | AA10: =VLOOKUP(B10,Res,27,0)+VLOOKUP(D10,Res,27,0)+VLOOKUP(F10,Res,27,0)+VLOOKUP(I10,Res,27,0) -> 1 | AB10: =VLOOKUP(B10,Res,28,0)+VLOOKUP(C10,Res,28,0)+VLOOKUP(D10,Res,28,0)+VLOOKUP(E10,Res,28,0)+VLOOKUP(F10,Res,28,0)+VLOOKUP(G10,Res,28,0)+VLOOKUP(I10,Res,28,0)+VLOOKUP(J10,Res,28,0) -> 120 | AC10: =VLOOKUP(I10,Res,31,0)*AD10+AE10 -> 374.7 | AD10: =VLOOKUP(B10,Res,30,0)+VLOOKUP(C10,Res,30,0)+VLOOKUP(D10,Res,30,0)+VLOOKUP(F10,Res,30,0)+VLOOKUP(G10,Res,30,0)+VLOOKUP(I10,Res,30,0)+VLOOKUP(J10,Res,30,0) -> 6.2 | AE10: =(VLOOKUP(C10,Res,32,0)+VLOOKUP(I10,Res,32,0))*(VLOOKUP(B10,Res,34,0)+VLOOKUP(C10,Res,34,0)+VLOOKUP(D10,Res,34,0)+VLOOKUP(E10,Res,34,0)+VLOOKUP(G10,Res,34,0))+VLOOKUP(B10,Res,35,0)+VLOOKUP(C10,Res,35,0)+VLOOKUP(D10,Res,35,0) -> 349.9 | AF10: =VLOOKUP(AB10,verftab,2,1) -> 4
A11: Wissperr | B11: Drow | C11: Gewehr | D11: Normal | E11: Hinterlader | F11: Nadelzündung | G11: Glattlauf | H11: Papier Patrone | I11: Massenfabrikation | J11: Von der Stange | K11: =VLOOKUP(B11,Res,11,0)+VLOOKUP(C11,Res,11,0)+VLOOKUP(D11,Res,11,0)+VLOOKUP(E11,Res,11,0)+VLOOKUP(G11,Res,11,0) -> 4.9 | L11: =VLOOKUP(B11,Res,12,0)+VLOOKUP(C11,Res,12,0)+VLOOKUP(D11,Res,12,0)+VLOOKUP(J11,Res,12,0) -> 11 | M11: =VLOOKUP(VLOOKUP(B11,Res,13,0)+VLOOKUP(C11,Res,13,0)+VLOOKUP(D11,Res,13,0),wtab,2,0) -> W12 | N11: =VLOOKUP(VLOOKUP(B11,Res,14,0)+VLOOKUP(C11,Res,14,0)+VLOOKUP(D11,Res,14,0),wtab,2,0) -> W10 | O11: =VLOOKUP(B11,Res,15,0)+VLOOKUP(C11,Res,15,0)+VLOOKUP(D11,Res,15,0) -> 1 | P11: =VLOOKUP(B11,Res,16,0)+VLOOKUP(C11,Res,16,0)+VLOOKUP(D11,Res,16,0)+VLOOKUP(E11,Res,16,0) -> 11 | Q11: =VLOOKUP(B11,Res,17,0)+VLOOKUP(C11,Res,17,0)+VLOOKUP(D11,Res,17,0)+VLOOKUP(E11,Res,17,0) -> 18 | R11: =VLOOKUP(B11,Res,18,0)+VLOOKUP(C11,Res,18,0)+VLOOKUP(D11,Res,18,0)+VLOOKUP(F11,Res,18,0)+VLOOKUP(G11,Res,18,0)+VLOOKUP(I11,Res,18,0)+VLOOKUP(J11,Res,18,0) -> 7 | S11: =VLOOKUP(B11,Res,19,0)+VLOOKUP(C11,Res,19,0)+VLOOKUP(D11,Res,19,0)+VLOOKUP(F11,Res,19,0)+VLOOKUP(G11,Res,19,0)+VLOOKUP(I11,Res,19,0)+VLOOKUP(J11,Res,19,0) -> 1 | T11: =VLOOKUP(B11,Res,20,0)+VLOOKUP(C11,Res,20,0)+VLOOKUP(D11,Res,20,0)+VLOOKUP(F11,Res,20,0)+VLOOKUP(G11,Res,20,0)+VLOOKUP(I11,Res,20,0)+VLOOKUP(J11,Res,20,0) -> -5 | U11: =VLOOKUP(B11,Res,21,0)+VLOOKUP(C11,Res,21,0)+VLOOKUP(D11,Res,21,0)+VLOOKUP(F11,Res,21,0)+VLOOKUP(G11,Res,21,0)+VLOOKUP(I11,Res,21,0)+VLOOKUP(J11,Res,21,0) -> -11 | V11: =VLOOKUP(B11,Res,22,0)+VLOOKUP(C11,Res,22,0)+VLOOKUP(D11,Res,22,0)+VLOOKUP(F11,Res,22,0)+VLOOKUP(G11,Res,22,0)+VLOOKUP(I11,Res,22,0)+VLOOKUP(J11,Res,22,0) -> -19 | W11: =VLOOKUP(B11,Res,23,0)+VLOOKUP(C11,Res,23,0)+VLOOKUP(D11,Res,23,0)+VLOOKUP(F11,Res,23,0)+VLOOKUP(G11,Res,23,0)+VLOOKUP(I11,Res,23,0)+VLOOKUP(J11,Res,23,0) -> -28 | X11: =VLOOKUP(B11,Res,24,0)+VLOOKUP(C11,Res,24,0)+VLOOKUP(D11,Res,24,0)+VLOOKUP(G11,Res,24,0) -> 40 | Y11: =VLOOKUP(D11,Res,25,0)+VLOOKUP(E11,Res,25,0)+VLOOKUP(F11,Res,25,0) -> 11 | Z11: =VLOOKUP(E11,Res,26,0) -> 6 | AA11: =VLOOKUP(B11,Res,27,0)+VLOOKUP(D11,Res,27,0)+VLOOKUP(F11,Res,27,0)+VLOOKUP(I11,Res,27,0) -> -1 | AB11: =VLOOKUP(B11,Res,28,0)+VLOOKUP(C11,Res,28,0)+VLOOKUP(D11,Res,28,0)+VLOOKUP(E11,Res,28,0)+VLOOKUP(F11,Res,28,0)+VLOOKUP(G11,Res,28,0)+VLOOKUP(I11,Res,28,0)+VLOOKUP(J11,Res,28,0) -> 100 | AC11: =VLOOKUP(I11,Res,31,0)*AD11+AE11 -> 394.7 | AD11: =VLOOKUP(B11,Res,30,0)+VLOOKUP(C11,Res,30,0)+VLOOKUP(D11,Res,30,0)+VLOOKUP(F11,Res,30,0)+VLOOKUP(G11,Res,30,0)+VLOOKUP(I11,Res,30,0)+VLOOKUP(J11,Res,30,0) -> 8.2 | AE11: =(VLOOKUP(C11,Res,32,0)+VLOOKUP(I11,Res,32,0))*(VLOOKUP(B11,Res,34,0)+VLOOKUP(C11,Res,34,0)+VLOOKUP(D11,Res,34,0)+VLOOKUP(E11,Res,34,0)+VLOOKUP(G11,Res,34,0))+VLOOKUP(B11,Res,35,0)+VLOOKUP(C11,Res,35,0)+VLOOKUP(D11,Res,35,0) -> 361.9 | AF11: =VLOOKUP(AB11,verftab,2,1) -> 5
A12: Dunar | B12: Drow | C12: Pistole | D12: Normal P | E12: Klapplauf | F12: Schlagbolzen | G12: Gezogen | H12: Messing Patrone | I12: Massenfabrikation | J12: Von der Stange | K12: =VLOOKUP(B12,Res,11,0)+VLOOKUP(C12,Res,11,0)+VLOOKUP(D12,Res,11,0)+VLOOKUP(E12,Res,11,0)+VLOOKUP(G12,Res,11,0) -> 2.8 | L12: =VLOOKUP(B12,Res,12,0)+VLOOKUP(C12,Res,12,0)+VLOOKUP(D12,Res,12,0)+VLOOKUP(J12,Res,12,0) -> 8 | M12: =VLOOKUP(VLOOKUP(B12,Res,13,0)+VLOOKUP(C12,Res,13,0)+VLOOKUP(D12,Res,13,0),wtab,2,0) -> W12 | N12: =VLOOKUP(VLOOKUP(B12,Res,14,0)+VLOOKUP(C12,Res,14,0)+VLOOKUP(D12,Res,14,0),wtab,2,0) -> W10 | O12: =VLOOKUP(B12,Res,15,0)+VLOOKUP(C12,Res,15,0)+VLOOKUP(D12,Res,15,0) -> 0 | P12: =VLOOKUP(B12,Res,16,0)+VLOOKUP(C12,Res,16,0)+VLOOKUP(D12,Res,16,0)+VLOOKUP(E12,Res,16,0) -> 12 | Q12: =VLOOKUP(B12,Res,17,0)+VLOOKUP(C12,Res,17,0)+VLOOKUP(D12,Res,17,0)+VLOOKUP(E12,Res,17,0) -> 9 | R12: =VLOOKUP(B12,Res,18,0)+VLOOKUP(C12,Res,18,0)+VLOOKUP(D12,Res,18,0)+VLOOKUP(F12,Res,18,0)+VLOOKUP(G12,Res,18,0)+VLOOKUP(I12,Res,18,0)+VLOOKUP(J12,Res,18,0) -> 12 | S12: =VLOOKUP(B12,Res,19,0)+VLOOKUP(C12,Res,19,0)+VLOOKUP(D12,Res,19,0)+VLOOKUP(F12,Res,19,0)+VLOOKUP(G12,Res,19,0)+VLOOKUP(I12,Res,19,0)+VLOOKUP(J12,Res,19,0) -> 4 | T12: =VLOOKUP(B12,Res,20,0)+VLOOKUP(C12,Res,20,0)+VLOOKUP(D12,Res,20,0)+VLOOKUP(F12,Res,20,0)+VLOOKUP(G12,Res,20,0)+VLOOKUP(I12,Res,20,0)+VLOOKUP(J12,Res,20,0) -> -7 | U12: =VLOOKUP(B12,Res,21,0)+VLOOKUP(C12,Res,21,0)+VLOOKUP(D12,Res,21,0)+VLOOKUP(F12,Res,21,0)+VLOOKUP(G12,Res,21,0)+VLOOKUP(I12,Res,21,0)+VLOOKUP(J12,Res,21,0) -> -20 | V12: =VLOOKUP(B12,Res,22,0)+VLOOKUP(C12,Res,22,0)+VLOOKUP(D12,Res,22,0)+VLOOKUP(F12,Res,22,0)+VLOOKUP(G12,Res,22,0)+VLOOKUP(I12,Res,22,0)+VLOOKUP(J12,Res,22,0) -> -36 | W12: =VLOOKUP(B12,Res,23,0)+VLOOKUP(C12,Res,23,0)+VLOOKUP(D12,Res,23,0)+VLOOKUP(F12,Res,23,0)+VLOOKUP(G12,Res,23,0)+VLOOKUP(I12,Res,23,0)+VLOOKUP(J12,Res,23,0) -> -53 | X12: =VLOOKUP(B12,Res,24,0)+VLOOKUP(C12,Res,24,0)+VLOOKUP(D12,Res,24,0)+VLOOKUP(G12,Res,24,0) -> 60 | Y12: =VLOOKUP(D12,Res,25,0)+VLOOKUP(E12,Res,25,0)+VLOOKUP(F12,Res,25,0) -> 9 | Z12: =VLOOKUP(E12,Res,26,0) -> 6 | AA12: =VLOOKUP(B12,Res,27,0)+VLOOKUP(D12,Res,27,0)+VLOOKUP(F12,Res,27,0)+VLOOKUP(I12,Res,27,0) -> -2 | AB12: =VLOOKUP(B12,Res,28,0)+VLOOKUP(C12,Res,28,0)+VLOOKUP(D12,Res,28,0)+VLOOKUP(E12,Res,28,0)+VLOOKUP(F12,Res,28,0)+VLOOKUP(G12,Res,28,0)+VLOOKUP(I12,Res,28,0)+VLOOKUP(J12,Res,28,0) -> 70 | AC12: =VLOOKUP(I12,Res,31,0)*AD12+AE12 -> 312.55 | AD12: =VLOOKUP(B12,Res,30,0)+VLOOKUP(C12,Res,30,0)+VLOOKUP(D12,Res,30,0)+VLOOKUP(F12,Res,30,0)+VLOOKUP(G12,Res,30,0)+VLOOKUP(I12,Res,30,0)+VLOOKUP(J12,Res,30,0) -> 10.5 | AE12: =(VLOOKUP(C12,Res,32,0)+VLOOKUP(I12,Res,32,0))*(VLOOKUP(B12,Res,34,0)+VLOOKUP(C12,Res,34,0)+VLOOKUP(D12,Res,34,0)+VLOOKUP(E12,Res,34,0)+VLOOKUP(G12,Res,34,0))+VLOOKUP(B12,Res,35,0)+VLOOKUP(C12,Res,35,0)+VLOOKUP(D12,Res,35,0) -> 270.55 | AF12: =VLOOKUP(AB12,verftab,2,1) -> 6
A13: Schatten | B13: Drow | C13: Pistole | D13: Schwer P | E13: Klapplauf | F13: Schlagbolzen | G13: Gezogen | H13: Messing Patrone | I13: Massenfabrikation | J13: Von der Stange | K13: =VLOOKUP(B13,Res,11,0)+VLOOKUP(C13,Res,11,0)+VLOOKUP(D13,Res,11,0)+VLOOKUP(E13,Res,11,0)+VLOOKUP(G13,Res,11,0) -> 3.3 | L13: =VLOOKUP(B13,Res,12,0)+VLOOKUP(C13,Res,12,0)+VLOOKUP(D13,Res,12,0)+VLOOKUP(J13,Res,12,0) -> 10 | M13: =VLOOKUP(VLOOKUP(B13,Res,13,0)+VLOOKUP(C13,Res,13,0)+VLOOKUP(D13,Res,13,0),wtab,2,0) -> W15 | N13: =VLOOKUP(VLOOKUP(B13,Res,14,0)+VLOOKUP(C13,Res,14,0)+VLOOKUP(D13,Res,14,0),wtab,2,0) -> W12 | O13: =VLOOKUP(B13,Res,15,0)+VLOOKUP(C13,Res,15,0)+VLOOKUP(D13,Res,15,0) -> 1 | P13: =VLOOKUP(B13,Res,16,0)+VLOOKUP(C13,Res,16,0)+VLOOKUP(D13,Res,16,0)+VLOOKUP(E13,Res,16,0) -> 13 | Q13: =VLOOKUP(B13,Res,17,0)+VLOOKUP(C13,Res,17,0)+VLOOKUP(D13,Res,17,0)+VLOOKUP(E13,Res,17,0) -> 10 | R13: =VLOOKUP(B13,Res,18,0)+VLOOKUP(C13,Res,18,0)+VLOOKUP(D13,Res,18,0)+VLOOKUP(F13,Res,18,0)+VLOOKUP(G13,Res,18,0)+VLOOKUP(I13,Res,18,0)+VLOOKUP(J13,Res,18,0) -> 10 | S13: =VLOOKUP(B13,Res,19,0)+VLOOKUP(C13,Res,19,0)+VLOOKUP(D13,Res,19,0)+VLOOKUP(F13,Res,19,0)+VLOOKUP(G13,Res,19,0)+VLOOKUP(I13,Res,19,0)+VLOOKUP(J13,Res,19,0) -> 3 | T13: =VLOOKUP(B13,Res,20,0)+VLOOKUP(C13,Res,20,0)+VLOOKUP(D13,Res,20,0)+VLOOKUP(F13,Res,20,0)+VLOOKUP(G13,Res,20,0)+VLOOKUP(I13,Res,20,0)+VLOOKUP(J13,Res,20,0) -> -7 | U13: =VLOOKUP(B13,Res,21,0)+VLOOKUP(C13,Res,21,0)+VLOOKUP(D13,Res,21,0)+VLOOKUP(F13,Res,21,0)+VLOOKUP(G13,Res,21,0)+VLOOKUP(I13,Res,21,0)+VLOOKUP(J13,Res,21,0) -> -20 | V13: =VLOOKUP(B13,Res,22,0)+VLOOKUP(C13,Res,22,0)+VLOOKUP(D13,Res,22,0)+VLOOKUP(F13,Res,22,0)+VLOOKUP(G13,Res,22,0)+VLOOKUP(I13,Res,22,0)+VLOOKUP(J13,Res,22,0) -> -36 | W13: =VLOOKUP(B13,Res,23,0)+VLOOKUP(C13,Res,23,0)+VLOOKUP(D13,Res,23,0)+VLOOKUP(F13,Res,23,0)+VLOOKUP(G13,Res,23,0)+VLOOKUP(I13,Res,23,0)+VLOOKUP(J13,Res,23,0) -> -53 | X13: =VLOOKUP(B13,Res,24,0)+VLOOKUP(C13,Res,24,0)+VLOOKUP(D13,Res,24,0)+VLOOKUP(G13,Res,24,0) -> 80 | Y13: =VLOOKUP(D13,Res,25,0)+VLOOKUP(E13,Res,25,0)+VLOOKUP(F13,Res,25,0) -> 11 | Z13: =VLOOKUP(E13,Res,26,0) -> 6 | AA13: =VLOOKUP(B13,Res,27,0)+VLOOKUP(D13,Res,27,0)+VLOOKUP(F13,Res,27,0)+VLOOKUP(I13,Res,27,0) -> -2 | AB13: =VLOOKUP(B13,Res,28,0)+VLOOKUP(C13,Res,28,0)+VLOOKUP(D13,Res,28,0)+VLOOKUP(E13,Res,28,0)+VLOOKUP(F13,Res,28,0)+VLOOKUP(G13,Res,28,0)+VLOOKUP(I13,Res,28,0)+VLOOKUP(J13,Res,28,0) -> 60 | AC13: =VLOOKUP(I13,Res,31,0)*AD13+AE13 -> 374.55 | AD13: =VLOOKUP(B13,Res,30,0)+VLOOKUP(C13,Res,30,0)+VLOOKUP(D13,Res,30,0)+VLOOKUP(F13,Res,30,0)+VLOOKUP(G13,Res,30,0)+VLOOKUP(I13,Res,30,0)+VLOOKUP(J13,Res,30,0) -> 11 | AE13: =(VLOOKUP(C13,Res,32,0)+VLOOKUP(I13,Res,32,0))*(VLOOKUP(B13,Res,34,0)+VLOOKUP(C13,Res,34,0)+VLOOKUP(D13,Res,34,0)+VLOOKUP(E13,Res,34,0)+VLOOKUP(G13,Res,34,0))+VLOOKUP(B13,Res,35,0)+VLOOKUP(C13,Res,35,0)+VLOOKUP(D13,Res,35,0) -> 330.55 | AF13: =VLOOKUP(AB13,verftab,2,1) -> 7
... A87: Wyrm | B87: Zwergisch | C87: Pistole | D87: Normal P | E87: Vorderlader | F87: Steinschloss | G87: Glattlauf | H87: Blei | I87: Massenfabrikation | J87: Von der Stange | K87: =VLOOKUP(B87,Res,11,0)+VLOOKUP(C87,Res,11,0)+VLOOKUP(D87,Res,11,0)+VLOOKUP(E87,Res,11,0)+VLOOKUP(G87,Res,11,0) -> 2.55 | L87: =VLOOKUP(B87,Res,12,0)+VLOOKUP(C87,Res,12,0)+VLOOKUP(D87,Res,12,0)+VLOOKUP(J87,Res,12,0) -> 8 | M87: =VLOOKUP(VLOOKUP(B87,Res,13,0)+VLOOKUP(C87,Res,13,0)+VLOOKUP(D87,Res,13,0),wtab,2,0) -> W10 | N87: =VLOOKUP(VLOOKUP(B87,Res,14,0)+VLOOKUP(C87,Res,14,0)+VLOOKUP(D87,Res,14,0),wtab,2,0) -> W10 | O87: =VLOOKUP(B87,Res,15,0)+VLOOKUP(C87,Res,15,0)+VLOOKUP(D87,Res,15,0) -> 0 | P87: =VLOOKUP(B87,Res,16,0)+VLOOKUP(C87,Res,16,0)+VLOOKUP(D87,Res,16,0)+VLOOKUP(E87,Res,16,0) -> 8 | Q87: =VLOOKUP(B87,Res,17,0)+VLOOKUP(C87,Res,17,0)+VLOOKUP(D87,Res,17,0)+VLOOKUP(E87,Res,17,0) -> 14 | R87: =VLOOKUP(B87,Res,18,0)+VLOOKUP(C87,Res,18,0)+VLOOKUP(D87,Res,18,0)+VLOOKUP(F87,Res,18,0)+VLOOKUP(G87,Res,18,0)+VLOOKUP(I87,Res,18,0)+VLOOKUP(J87,Res,18,0) -> 7 | S87: =VLOOKUP(B87,Res,19,0)+VLOOKUP(C87,Res,19,0)+VLOOKUP(D87,Res,19,0)+VLOOKUP(F87,Res,19,0)+VLOOKUP(G87,Res,19,0)+VLOOKUP(I87,Res,19,0)+VLOOKUP(J87,Res,19,0) -> -1 | T87: =VLOOKUP(B87,Res,20,0)+VLOOKUP(C87,Res,20,0)+VLOOKUP(D87,Res,20,0)+VLOOKUP(F87,Res,20,0)+VLOOKUP(G87,Res,20,0)+VLOOKUP(I87,Res,20,0)+VLOOKUP(J87,Res,20,0) -> -11 | U87: =VLOOKUP(B87,Res,21,0)+VLOOKUP(C87,Res,21,0)+VLOOKUP(D87,Res,21,0)+VLOOKUP(F87,Res,21,0)+VLOOKUP(G87,Res,21,0)+VLOOKUP(I87,Res,21,0)+VLOOKUP(J87,Res,21,0) -> -23 | V87: =VLOOKUP(B87,Res,22,0)+VLOOKUP(C87,Res,22,0)+VLOOKUP(D87,Res,22,0)+VLOOKUP(F87,Res,22,0)+VLOOKUP(G87,Res,22,0)+VLOOKUP(I87,Res,22,0)+VLOOKUP(J87,Res,22,0) -> -37 | W87: =VLOOKUP(B87,Res,23,0)+VLOOKUP(C87,Res,23,0)+VLOOKUP(D87,Res,23,0)+VLOOKUP(F87,Res,23,0)+VLOOKUP(G87,Res,23,0)+VLOOKUP(I87,Res,23,0)+VLOOKUP(J87,Res,23,0) -> -53 | X87: =VLOOKUP(B87,Res,24,0)+VLOOKUP(C87,Res,24,0)+VLOOKUP(D87,Res,24,0)+VLOOKUP(G87,Res,24,0) -> 30 | Y87: =VLOOKUP(D87,Res,25,0)+VLOOKUP(E87,Res,25,0)+VLOOKUP(F87,Res,25,0) -> 30 | Z87: =VLOOKUP(E87,Res,26,0) -> 3 | AA87: =VLOOKUP(B87,Res,27,0)+VLOOKUP(D87,Res,27,0)+VLOOKUP(F87,Res,27,0)+VLOOKUP(I87,Res,27,0) -> -2 | AB87: =VLOOKUP(B87,Res,28,0)+VLOOKUP(C87,Res,28,0)+VLOOKUP(D87,Res,28,0)+VLOOKUP(E87,Res,28,0)+VLOOKUP(F87,Res,28,0)+VLOOKUP(G87,Res,28,0)+VLOOKUP(I87,Res,28,0)+VLOOKUP(J87,Res,28,0) -> 140 | AC87: =VLOOKUP(I87,Res,31,0)*AD87+AE87 -> 268.55 | AD87: =VLOOKUP(B87,Res,30,0)+VLOOKUP(C87,Res,30,0)+VLOOKUP(D87,Res,30,0)+VLOOKUP(F87,Res,30,0)+VLOOKUP(G87,Res,30,0)+VLOOKUP(I87,Res,30,0)+VLOOKUP(J87,Res,30,0) -> 7 | AE87: =(VLOOKUP(C87,Res,32,0)+VLOOKUP(I87,Res,32,0))*(VLOOKUP(B87,Res,34,0)+VLOOKUP(C87,Res,34,0)+VLOOKUP(D87,Res,34,0)+VLOOKUP(E87,Res,34,0)+VLOOKUP(G87,Res,34,0))+VLOOKUP(B87,Res,35,0)+VLOOKUP(C87,Res,35,0)+VLOOKUP(D87,Res,35,0) -> 240.55 | AF87: =VLOOKUP(AB87,verftab,2,1) -> 3

Sheet Munition
A1: Geeignet für | B1: Art | C1: Kaliber | D1: Preis (1Schuss) | E1: Preis (10 Schuss) | F1: Preis (50 Schuss) | G1: Preis (100 Schuss) | H1: Preis (500 Schuss) | I1: Preis (1.000 Schuss) | J1: Besonderheiten
A2: Vorderlader | B2: S.P.&Blei | C2: 12 | D2: ='Ressourcen-Munition'!D23 -> 0.366912 | E2: ='Ressourcen-Munition'!E23 -> 3.66912 | F2: ='Ressourcen-Munition'!F23 -> 18.3456 | G2: ='Ressourcen-Munition'!G23 -> 36.6912 | H2: ='Ressourcen-Munition'!H23 -> 183.456 | I2: ='Ressourcen-Munition'!I23 -> 366.912
A3: Vorderlader | B3: S.P.&Blei | C3: 13 | D3: ='Ressourcen-Munition'!D24 -> 0.374556 | E3: ='Ressourcen-Munition'!E24 -> 3.74556 | F3: ='Ressourcen-Munition'!F24 -> 18.7278 | G3: ='Ressourcen-Munition'!G24 -> 37.4556 | H3: ='Ressourcen-Munition'!H24 -> 187.278 | I3: ='Ressourcen-Munition'!I24 -> 374.556
A4: Vorderlader | B4: S.P.&Blei | C4: 14 | D4: ='Ressourcen-Munition'!D25 -> 0.3822 | E4: ='Ressourcen-Munition'!E25 -> 3.822 | F4: ='Ressourcen-Munition'!F25 -> 19.11 | G4: ='Ressourcen-Munition'!G25 -> 38.22 | H4: ='Ressourcen-Munition'!H25 -> 191.1 | I4: ='Ressourcen-Munition'!I25 -> 382.2
A5: Vorderlader | B5: S.P.&Blei | C5: 15 | D5: ='Ressourcen-Munition'!D26 -> 0.389844 | E5: ='Ressourcen-Munition'!E26 -> 3.89844 | F5: ='Ressourcen-Munition'!F26 -> 19.4922 | G5: ='Ressourcen-Munition'!G26 -> 38.9844 | H5: ='Ressourcen-Munition'!H26 -> 194.922 | I5: ='Ressourcen-Munition'!I26 -> 389.844
A6: Vorderlader | B6: S.P.&Blei | C6: 16 | D6: ='Ressourcen-Munition'!D27 -> 0.397488 | E6: ='Ressourcen-Munition'!E27 -> 3.97488 | F6: ='Ressourcen-Munition'!F27 -> 19.8744 | G6: ='Ressourcen-Munition'!G27 -> 39.7488 | H6: ='Ressourcen-Munition'!H27 -> 198.744 | I6: ='Ressourcen-Munition'!I27 -> 397.488
A7: Vorderlader | B7: S.P.&Blei | C7: 17 | D7: ='Ressourcen-Munition'!D28 -> 0.405132 | E7: ='Ressourcen-Munition'!E28 -> 4.05132 | F7: ='Ressourcen-Munition'!F28 -> 20.2566 | G7: ='Ressourcen-Munition'!G28 -> 40.5132 | H7: ='Ressourcen-Munition'!H28 -> 202.566 | I7: ='Ressourcen-Munition'!I28 -> 405.132
A8: Vorderlader | B8: S.P.&Blei | C8: 18 | D8: ='Ressourcen-Munition'!D29 -> 0.412776 | E8: ='Ressourcen-Munition'!E29 -> 4.12776 | F8: ='Ressourcen-Munition'!F29 -> 20.6388 | G8: ='Ressourcen-Munition'!G29 -> 41.2776 | H8: ='Ressourcen-Munition'!H29 -> 206.388 | I8: ='Ressourcen-Munition'!I29 -> 412.776
A9: Vorderlader | B9: S.P.&Blei | C9: 19 | D9: ='Ressourcen-Munition'!D30 -> 0.42042 | E9: ='Ressourcen-Munition'!E30 -> 4.2042 | F9: ='Ressourcen-Munition'!F30 -> 21.021 | G9: ='Ressourcen-Munition'!G30 -> 42.042 | H9: ='Ressourcen-Munition'!H30 -> 210.21 | I9: ='Ressourcen-Munition'!I30 -> 420.42
A10: Vorderlader | B10: S.P.&Blei | C10: 20 | D10: ='Ressourcen-Munition'!D31 -> 0.428064 | E10: ='Ressourcen-Munition'!E31 -> 4.28064 | F10: ='Ressourcen-Munition'!F31 -> 21.4032 | G10: ='Ressourcen-Munition'!G31 -> 42.8064 | H10: ='Ressourcen-Munition'!H31 -> 214.032 | I10: ='Ressourcen-Munition'!I31 -> 428.064
A11: Vorderlader | B11: S.P.&Blei | C11: 21 | D11: ='Ressourcen-Munition'!D32 -> 0.435708 | E11: ='Ressourcen-Munition'!E32 -> 4.35708 | F11: ='Ressourcen-Munition'!F32 -> 21.7854 | G11: ='Ressourcen-Munition'!G32 -> 43.5708 | H11: ='Ressourcen-Munition'!H32 -> 217.854 | I11: ='Ressourcen-Munition'!I32 -> 435.708
A12: Vorderlader | B12: S.P.&Blei | C12: 22 | D12: ='Ressourcen-Munition'!D33 -> 0.443352 | E12: ='Ressourcen-Munition'!E33 -> 4.43352 | F12: ='Ressourcen-Munition'!F33 -> 22.1676 | G12: ='Ressourcen-Munition'!G33 -> 44.3352 | H12: ='Ressourcen-Munition'!H33 -> 221.676 | I12: ='Ressourcen-Munition'!I33 -> 443.352
A13: Vorderlader | B13: S.P.&Blei | C13: 23 | D13: ='Ressourcen-Munition'!D34 -> 0.450996 | E13: ='Ressourcen-Munition'!E34 -> 4.50996 | F13: ='Ressourcen-Munition'!F34 -> 22.5498 | G13: ='Ressourcen-Munition'!G34 -> 45.0996 | H13: ='Ressourcen-Munition'!H34 -> 225.498 | I13: ='Ressourcen-Munition'!I34 -> 450.996
A14: Vorderlader | B14: VL. Papierpatrone | C14: 12 | D14: ='Ressourcen-Munition'!D35 -> 0.408855 | E14: ='Ressourcen-Munition'!E35 -> 4.08855 | F14: ='Ressourcen-Munition'!F35 -> 20.44275 | G14: ='Ressourcen-Munition'!G35 -> 40.8855 | H14: ='Ressourcen-Munition'!H35 -> 204.4275 | I14: ='Ressourcen-Munition'!I35 -> 408.855 | J14: Reduziert die Nachladezeit um 5 Sekunden
A15: Vorderlader | B15: VL. Papierpatrone | C15: 13 | D15: ='Ressourcen-Munition'!D36 -> 0.4151775 | E15: ='Ressourcen-Munition'!E36 -> 4.151775 | F15: ='Ressourcen-Munition'!F36 -> 20.758875 | G15: ='Ressourcen-Munition'!G36 -> 41.51775 | H15: ='Ressourcen-Munition'!H36 -> 207.58875 | I15: ='Ressourcen-Munition'!I36 -> 415.1775 | J15: Reduziert die Nachladezeit um 5 Sekunden
A16: Vorderlader | B16: VL. Papierpatrone | C16: 14 | D16: ='Ressourcen-Munition'!D37 -> 0.4215 | E16: ='Ressourcen-Munition'!E37 -> 4.215 | F16: ='Ressourcen-Munition'!F37 -> 21.075 | G16: ='Ressourcen-Munition'!G37 -> 42.15 | H16: ='Ressourcen-Munition'!H37 -> 210.75 | I16: ='Ressourcen-Munition'!I37 -> 421.5 | J16: Reduziert die Nachladezeit um 5 Sekunden
A17: Vorderlader | B17: VL. Papierpatrone | C17: 15 | D17: ='Ressourcen-Munition'!D38 -> 0.4278225 | E17: ='Ressourcen-Munition'!E38 -> 4.278225 | F17: ='Ressourcen-Munition'!F38 -> 21.391125 | G17: ='Ressourcen-Munition'!G38 -> 42.78225 | H17: ='Ressourcen-Munition'!H38 -> 213.91125 | I17: ='Ressourcen-Munition'!I38 -> 427.8225 | J17: Reduziert die Nachladezeit um 5 Sekunden
A18: Vorderlader | B18: VL. Papierpatrone | C18: 16 | D18: ='Ressourcen-Munition'!D39 -> 0.434145 | E18: ='Ressourcen-Munition'!E39 -> 4.34145 | F18: ='Ressourcen-Munition'!F39 -> 21.70725 | G18: ='Ressourcen-Munition'!G39 -> 43.4145 | H18: ='Ressourcen-Munition'!H39 -> 217.0725 | I18: ='Ressourcen-Munition'!I39 -> 434.145 | J18: Reduziert die Nachladezeit um 5 Sekunden
A19: Vorderlader | B19: VL. Papierpatrone | C19: 17 | D19: ='Ressourcen-Munition'!D40 -> 0.4404675 | E19: ='Ressourcen-Munition'!E40 -> 4.404675 | F19: ='Ressourcen-Munition'!F40 -> 22.023375 | G19: ='Ressourcen-Munition'!G40 -> 44.04675 | H19: ='Ressourcen-Munition'!H40 -> 220.23375 | I19: ='Ressourcen-Munition'!I40 -> 440.4675 | J19: Reduziert die Nachladezeit um 5 Sekunden
A20: Vorderlader | B20: VL. Papierpatrone | C20: 18 | D20: ='Ressourcen-Munition'!D41 -> 0.44679 | E20: ='Ressourcen-Munition'!E41 -> 4.4679 | F20: ='Ressourcen-Munition'!F41 -> 22.3395 | G20: ='Ressourcen-Munition'!G41 -> 44.679 | H20: ='Ressourcen-Munition'!H41 -> 223.395 | I20: ='Ressourcen-Munition'!I41 -> 446.79 | J20: Reduziert die Nachladezeit um 5 Sekunden
A21: Vorderlader | B21: VL. Papierpatrone | C21: 19 | D21: ='Ressourcen-Munition'!D42 -> 0.4531125 | E21: ='Ressourcen-Munition'!E42 -> 4.531125 | F21: ='Ressourcen-Munition'!F42 -> 22.655625 | G21: ='Ressourcen-Munition'!G42 -> 45.31125 | H21: ='Ressourcen-Munition'!H42 -> 226.55625 | I21: ='Ressourcen-Munition'!I42 -> 453.1125 | J21: Reduziert die Nachladezeit um 5 Sekunden
A22: Vorderlader | B22: VL. Papierpatrone | C22: 20 | D22: ='Ressourcen-Munition'!D43 -> 0.459435 | E22: ='Ressourcen-Munition'!E43 -> 4.59435 | F22: ='Ressourcen-Munition'!F43 -> 22.97175 | G22: ='Ressourcen-Munition'!G43 -> 45.9435 | H22: ='Ressourcen-Munition'!H43 -> 229.7175 | I22: ='Ressourcen-Munition'!I43 -> 459.435 | J22: Reduziert die Nachladezeit um 5 Sekunden
A23: Vorderlader | B23: VL. Papierpatrone | C23: 21 | D23: ='Ressourcen-Munition'!D44 -> 0.4657575 | E23: ='Ressourcen-Munition'!E44 -> 4.657575 | F23: ='Ressourcen-Munition'!F44 -> 23.287875 | G23: ='Ressourcen-Munition'!G44 -> 46.57575 | H23: ='Ressourcen-Munition'!H44 -> 232.87875 | I23: ='Ressourcen-Munition'!I44 -> 465.7575 | J23: Reduziert die Nachladezeit um 5 Sekunden
A24: Vorderlader | B24: VL. Papierpatrone | C24: 22 | D24: ='Ressourcen-Munition'!D45 -> 0.47208 | E24: ='Ressourcen-Munition'!E45 -> 4.7208 | F24: ='Ressourcen-Munition'!F45 -> 23.604 | G24: ='Ressourcen-Munition'!G45 -> 47.208 | H24: ='Ressourcen-Munition'!H45 -> 236.04 | I24: ='Ressourcen-Munition'!I45 -> 472.08 | J24: Reduziert die Nachladezeit um 5 Sekunden
A25: Vorderlader | B25: VL. Papierpatrone | C25: 23 | D25: ='Ressourcen-Munition'!D46 -> 0.4784025 | E25: ='Ressourcen-Munition'!E46 -> 4.784025 | F25: ='Ressourcen-Munition'!F46 -> 23.920125 | G25: ='Ressourcen-Munition'!G46 -> 47.84025 | H25: ='Ressourcen-Munition'!H46 -> 239.20125 | I25: ='Ressourcen-Munition'!I46 -> 478.4025 | J25: Reduziert die Nachladezeit um 5 Sekunden
A26: Hinterlader | B26: Papierpatrone | C26: 16 | D26: ='Ressourcen-Munition'!D47 -> 0.68066667 | E26: ='Ressourcen-Munition'!E47 -> 6.8066667 | F26: ='Ressourcen-Munition'!F47 -> 34.033333 | G26: ='Ressourcen-Munition'!G47 -> 68.066667 | H26: ='Ressourcen-Munition'!H47 -> 340.33333 | I26: ='Ressourcen-Munition'!I47 -> 680.66667
A27: Hinterlader | B27: Papierpatrone | C27: 17 | D27: ='Ressourcen-Munition'!D48 -> 0.70108667 | E27: ='Ressourcen-Munition'!E48 -> 7.0108667 | F27: ='Ressourcen-Munition'!F48 -> 35.054333 | G27: ='Ressourcen-Munition'!G48 -> 70.108667 | H27: ='Ressourcen-Munition'!H48 -> 350.54333 | I27: ='Ressourcen-Munition'!I48 -> 701.08667
A28: Hinterlader | B28: Papierpatrone | C28: 18 | D28: ='Ressourcen-Munition'!D49 -> 0.72150667 | E28: ='Ressourcen-Munition'!E49 -> 7.2150667 | F28: ='Ressourcen-Munition'!F49 -> 36.075333 | G28: ='Ressourcen-Munition'!G49 -> 72.150667 | H28: ='Ressourcen-Munition'!H49 -> 360.75333 | I28: ='Ressourcen-Munition'!I49 -> 721.50667
A29: Hinterlader | B29: Papierpatrone | C29: 19 | D29: ='Ressourcen-Munition'!D50 -> 0.74192667 | E29: ='Ressourcen-Munition'!E50 -> 7.4192667 | F29: ='Ressourcen-Munition'!F50 -> 37.096333 | G29: ='Ressourcen-Munition'!G50 -> 74.192667 | H29: ='Ressourcen-Munition'!H50 -> 370.96333 | I29: ='Ressourcen-Munition'!I50 -> 741.92667
A30: Patronenwaffen | B30: Messingpatrone | C30: 7 | D30: ='Ressourcen-Munition'!D51 -> 0.7814 | E30: ='Ressourcen-Munition'!E51 -> 7.814 | F30: ='Ressourcen-Munition'!F51 -> 39.07 | G30: ='Ressourcen-Munition'!G51 -> 78.14 | H30: ='Ressourcen-Munition'!H51 -> 390.7 | I30: ='Ressourcen-Munition'!I51 -> 781.4
A31: Patronenwaffen | B31: Messingpatrone | C31: 8 | D31: ='Ressourcen-Munition'!D52 -> 0.8251584 | E31: ='Ressourcen-Munition'!E52 -> 8.251584 | F31: ='Ressourcen-Munition'!F52 -> 41.25792 | G31: ='Ressourcen-Munition'!G52 -> 82.51584 | H31: ='Ressourcen-Munition'!H52 -> 412.5792 | I31: ='Ressourcen-Munition'!I52 -> 825.1584
A32: Patronenwaffen | B32: Messingpatrone | C32: 9 | D32: ='Ressourcen-Munition'!D53 -> 0.8689168 | E32: ='Ressourcen-Munition'!E53 -> 8.689168 | F32: ='Ressourcen-Munition'!F53 -> 43.44584 | G32: ='Ressourcen-Munition'!G53 -> 86.89168 | H32: ='Ressourcen-Munition'!H53 -> 434.4584 | I32: ='Ressourcen-Munition'!I53 -> 868.9168
A33: Patronenwaffen | B33: Messingpatrone | C33: 10 | D33: ='Ressourcen-Munition'!D54 -> 0.9126752 | E33: ='Ressourcen-Munition'!E54 -> 9.126752 | F33: ='Ressourcen-Munition'!F54 -> 45.63376 | G33: ='Ressourcen-Munition'!G54 -> 91.26752 | H33: ='Ressourcen-Munition'!H54 -> 456.3376 | I33: ='Ressourcen-Munition'!I54 -> 912.6752
A34: Patronenwaffen | B34: Messingpatrone | C34: 11 | D34: ='Ressourcen-Munition'!D55 -> 0.9564336 | E34: ='Ressourcen-Munition'!E55 -> 9.564336 | F34: ='Ressourcen-Munition'!F55 -> 47.82168 | G34: ='Ressourcen-Munition'!G55 -> 95.64336 | H34: ='Ressourcen-Munition'!H55 -> 478.2168 | I34: ='Ressourcen-Munition'!I55 -> 956.4336
A35: Patronenwaffen | B35: Messingpatrone | C35: 12 | D35: ='Ressourcen-Munition'!D56 -> 1.000192 | E35: ='Ressourcen-Munition'!E56 -> 10.00192 | F35: ='Ressourcen-Munition'!F56 -> 50.0096 | G35: ='Ressourcen-Munition'!G56 -> 100.0192 | H35: ='Ressourcen-Munition'!H56 -> 500.096 | I35: ='Ressourcen-Munition'!I56 -> 1000.192

Sheet Legende
A1: Name
B2: Der Name, unter dem die Feuerwaffe bei ihrem Urspungsvolk bekannt geworden ist.
A3: Typ
B4: Grobe Bauform der Waffe
B5: Pistole: | C5: Die Pistole (Faustfeuerwaffe) ist eine Schusswaffe, die zur Kategorie der Handfeuerwaffen gehört. Sie zeichnet sich dadurch aus, dass man sie problemlos einhändig führen kann. Pistolen sind meistens nur für kurze Reichweiten geeignet.
B6: Gewehr: | C6: Das Gewehr ist nach zwergischen Sprachgebrauch - mit Ausnahme des Luftgewehrs - eine zu den Handfeuerwaffen zählende Schusswaffe, die als Schulterwaffe (von der Schulter geschossen) mit zwei Händen zu bedienen ist. Durch ihre Länge sind Gewehre im Allgemeinen nicht so gut geeignet für den Nahkampf. Dafür sind sie auf größeren Reichweiten den Pistolen haushoch überlegen.
A7: Bauart
B8: Legt die spezifische Bauform fest.
B9: Normal: | C9: Eine Standardwaffe ohne Besonderheiten.
B10: Billig: | C10: Diese Waffe ist für sehr wenig Gold zu haben. Allerdings ist sie deshalb auch alles andere als zuverlässig und genau.
B11: Böller: | C11: Sehr großkalibrige, kurzläufige Pistole, die für Kurzreichweiten entworfen wurde.
B12: Donnerbüchse: | C12: Sehr großkalibriges, kurzläufiges Gewehr, das für Kurzreichweiten entworfen wurde.
B13: Doppelläufig: | C13: Eine Waffe mit 2 Rohren/Läufen, die beide zugleich oder einzeln abgefeuert werden können. Es gibt also 2 Möglickeiten eine solche Waffe abzufeuern. 1) Beide Rohre direkt hintereinander innerhalb einer Sekunde (Kampfrunde) 2) Nur ein Rohr (nur einen Schuss). Der zweite Schuss innerhalb einer Sekunde (Kampfrunde) ist um den Rückstoß der Waffe erschwert.
B14: Hakenbüchse: | C14: Ein sehr schweres Gewehr, das auf ungehemmte Feuerkraft setzt, dabei aber sehr unhandlich und schwer ist.
B15: Harpunengewehr: | C15: ???
B16: Jagd: | C16: Eine für die Jagd konzipierte Waffe.
B17: Langlauf: | C17: Eine Pistole mit verlängertem Lauf/Rohr. Damit sind Schüsse auf größere Distanz als mit normalen Pistolen möglich. Allerdings geht der längere Lauf zu Ungunsten des Handlings, wodurch die Pistole auf Nahreichweiten unhandlicher wird.
B18: Präzisionsgewehr: | C18: Ein Präzisionsgewehr ist ein langläufiges Gewehr mit gezogenem Lauf (Büchse), das dazu konzipiert wurde, Ziele in sehr großer Entfernung zu treffen.
B19: Schwer: | C19: Ein/e großkalibrige/s Gewehr/Pistole.
B20: Schwere Hakenbüchse: | C20: Eine riesige und extrem schwere Muskete. Eigentlich schon fast eine kleine Kanone. Sie eignet sich aufgrund ihrer Schwerfälligkeit ausschließlich als Verteidigungswaffe, wobei sie vorwiegend von Burgmauern herab eingesetzt wird.
... B23: Karabiner: | C23: Karabiner sind kurzläufige Gewehre. Ursprünglich wurden leichte Militärgewehre mit im Verhältnis zum Infanteriegewehr kürzerem Lauf, und manchmal für schwächere Patronen konzipiert, Karabiner genannt, welche bei der Kavallerie und anderen berittenen Truppenteilen eingesetzt wurden.
A24: Lademechanik
B25: Gibt an, auf welche Weise die Waffe geladen wird.
B27: Block-/Scharnierverschluss: | C27: Der Eisenbeißer der Zwerge war das erste Patronengewehr mit Block-/Schanierverschluss. Es ist ein Einzellader mit einem nach oben zu öffnenden Block- oder Scharnierverschluss. Wie alle seine Vorgänger hat das Gewehr ein vorne liegendes Seitenschloss und einen außen liegendem Hahn.
B28: Hinterlader: | C28: Hinterlader sind Schusswaffen, deren Lauf an beiden Enden offen ist und bei denen das Projektil und die Treibladung durch die hintere Öffnung in die Kammer gebracht werden. Meist wird dazu eine Papier-Patrone verwendet. Die Ladeseite des Laufs wird durch den Verschluss der Waffe abgedichtet, der typischerweise auch die Auslösevorrichtung enthält.
B29: Klapplauf: | C29: Bei Klapplaufwaffen lässt sich das Rohr durch ein Scharnier am hinteren Ende abklappen und ermöglicht so das Laden der Waffe mit Patronen.
B30: Vorderlader: | C30: Der Vorderlader ist die ursprüngliche Form der Feuerwaffe. Die Waffe wird mit Treibladung und Projektil durch die Mündung geladen. Das hintere Ende des Laufes ist fest verschlossen und verfügt nur über ein kleines Zündloch, durch das ein mittels Lunte (Luntenschloss), Feuerstein (Steinschloss), Radschloss oder Zündhütchen (Perkussionswaffe) erzeugter Funke oder Feuerstrahl die Treibladung zündet. Vorderladerwaffen werden klassisch mit Schwarzpulver und einem Bleigeschoss geladen. Dazu kommt oft noch ein Schusspflaster zur Abdichtung.
A31: Schloss
B32: Das Schloss ist der Mechanismus zur Zündung der Ladung einer Feuerwaffe.
B34: Luntenschloss: | C34: Ein Hebel bewegt die brennende Lunte an das Zündloch.
B35: Radschloss: | C35: Ein Reibrad-Uhrwerk und Schwefelkies erzeugen Funken.
B36: Steinschloss: | C36: Ein Feuerstein schlägt auf Metall und erzeugt Funken
B37: Perkussionsschloss: | C37: Ein Hahn schlägt auf ein schlagempfindliches Anzündhütchen.
B38: Nadelzündung: | C38: Die Nadelzündung (auch Zündnadelzündung) ist ein Verfahren der Schussauslösung bei Schusswaffen, bei welchem die Entzündung der Treibladung durch eine spitze Nadel bewirkt wird. Diese Nadel wird durch eine gespannte Feder in das in der Patrone befindliche Zündelement eingestoßen. Der dazugehörige Mechanismus wird Zündnadelschloss genannt. Bei der Zündnadelpatrone von Zworg wurden die Komponenten Geschoss, Treibladung und Zündelement erstmals zusammen als Einheits-Papierpatrone hergestellt. Erste Waffen mit Zündnadelzündung waren Vorderlader, der Durchbruch stellte sich erst als Hinterlader ein, diese wurden von Johann Emanuel von Zworg entwickelt. Obwohl schon früh in Kartharsis eingeführt, stellte sich ein großes internationales Interesse erst spät ein, als das vom Goblinischen Ingenieur Fips Goldfluss entwickelte Zündnadelgewehr produktionsreif wurde. Wenige Jahre später war das Zündnadelsystem bereits technisch überholt. Die Zündnadelzündung mit Papierpatronen wurde von der Schlagbolzenzündung mit Metallpatronen abgelöst.
B39: Schlagbolzen / Hahnschloss: | C39: Beim Hahnschloss schlägt ein durch den Daumen fassbarer Hahn auf einen Zündstift (Stift, welcher geschlagen wird, um zu zünden), der die Kraft weitergibt und die Patrone zündet. Beim Schlagbolzen ist das anders, die Arbeit macht hier der gespannte gefederte Bolzen, dessen Masse und seine Zündspitze die Patrone zündet (Bolzen, der selber schlägt).
A40: Lauf
B41: Als Lauf wird allgemein das Rohr einer Schusswaffe bezeichnet, das der Führung des Projektils und der Aufnahme der Treibladung oder der Patrone dient. Im strengen Sinne bezeichnet Lauf
B42: nur den Abschnitt des Rohres der Waffe, der beim Schuss vom Projektil durchlaufen wird. Das hintere Ende des Laufs, in das die Patrone geladen wird, wird als Patronenlager bezeichnet.
B43: Die Bohrung des Laufes wird auch als Seele (Laufseele) bezeichnet, deren Längsachse als Seelenachse.
B44: Glattlauf: | C44: Läufe von Pistolen und Gewehren mit glatten Läufen sind völlig glatt, wie der Name schon sagt. Das Geschoss verlässt den Lauf ohne jegliche Stabilisierung und ist daher eher ungenau.
B45: Gezogen: | C45: Läufe von Pistolen und Gewehren mit gezogenen Läufen weisen spiralförmig in das Laufinnere geschnittene oder gepresste Züge auf, deren spiraliger Verlauf den Projektilen einen Drall verleiht und sie so stabilisiert. Eine Sonderform ist der Polygonlauf, der statt scharfkantiger Züge einen als Vieleck geformten Innenquerschnitt besitzt.
A46: Munition
B47: Legt fest, mit welcher Munitionsart die Waffe geladen werden kann. Eine Waffe kann ausschließlich mit der für sie passenden Munition geladen werden.
B48: Blei: | C48: Hierbei werden Schwarzpulver als Treibmittel und eine Bleikugel als Projektil separat gehandhabt.
B49: Papierpatrone (Vorderlader): | C49: Vorläufer der modernen Metallpatrone war die Papierpatrone. Hierbei enthielt eine längliche, verklebte Papierhülse das Schießpulver und die Bleikugel. Diese erste Generation der Papierpatrone diente nur der Bereitstellung einer abgemessenen Pulvermenge und des Projektils und wurde bei Vorderladern verwendet. Zum Laden der Waffe biss der Schütze die Papierhülse hinten auf, wobei die Waffe mit der zweiten Hand gehalten werden musste, gab etwas Pulver auf die Zündpfanne und leerte den Rest in den Lauf der Muskete. Um nicht aus dem Zündloch auszutreten, musste das Pulver eine ausreichend grobe Körnung aufweisen. Das Papier samt Projektil wurde anschließend nachgeschoben. Das Papier glich als Dichtmaterial die großen Fertigungstoleranzen der gegossenen Kugel im Lauf aus. Gezündet wurde die Ladung mittels Steinschloss und des Pulvers in der Pulverpfanne, später durch ein Zündhütchen.
B50: Papierpatrone (Hinterlader): | C50: Die Patrone enthält Geschoss, Treibladung und Zündmittel als Einheit. Das Geschoss aus Blei sitzt in einem Treibspiegel aus Pappe. Unterhalb des Treibspiegels befindet sich das Anzündmittel, die Treibladung aus Schwarzpulver ist darunter. Zusammengehalten werden die Komponenten der Patrone durch eine starke Papierhülle. Die Patrone wird von hinten in den Lauf geladen; die Waffe ist ein Hinterlader. Die bewegliche Kammer wird fest an das Rohr gedrückt und somit nach hinten gasdicht abgeschlossen. Im Gegensatz zu dem außen angebrachten Stein- bzw. Perkussionsschloss, befindet sich das Schlösschen innerhalb der Waffe (Innenzündung). Die Zündung erfolgt mit einer Zündnadel, die beim Abzug durch eine gespannte Spiralfeder in die Patrone hineingetrieben wird. Die lange Zündnadel muss erst die Papierhülle und das Treibmittel durchstoßen, um zu der Zündpille gelangen.
B51: Messingpatrone: | C51: Eine Messingpatrone fasst die zum Abfeuern eines Projektils aus einer Feuerwaffe notwendigen Komponenten in einer Einheit zusammen. Sie wird einfach in die Waffe geladen und ist dann feuerbereit
A52: Gewicht
B53: Die angegebene Zahl bezeichnet das Leergewicht der Waffe. Unter dem Leergewicht versteht man die Masse eines nach festgelegten Maßstäben gewogenen Objekts.
B54: In diesem Fall das Gewicht der Waffe ohne Munition und Anbauteile, wie z.B ein Bajonett.
A55: Mindeststärke
B56: Dies ist der Mindestwert der Eigenschaft Stärke, über den ein Schütze verfügen muss, um die Waffe ohne Abzüge führen zu können. Beträgt die Stärke des Charakters weniger, so werden seine Fernkampfproben mit der Waffe erschwert.
B58: Stärke | C58: Erschwerung
B59: -1 bis -3 | C59: Probenwert halbiert (:2)
B60: -4 bis -8 | C60: Probenwert geviertelt (:4)
B61: -9 bis -13 | C61: Probenwert geachtelt (:8)
B62: -14+ | C62: Probenwert gesechzehntelt (:16)
A63: RÜCKSTOß
B64: Der Rückstoß einer Waffe entspricht der Mindeststärke der Waffe
B65: Der erste Schuss ist immer ohne Rückstoß, will der Charakter einen zweiten oder noch mehr Schüsse hintereinander abfeuern, wird jeder
B66: Schuss schwerer. Wenn eine Waffe zum Beispiel einen Rückstoß von 10 hat und der Schütze 4 Schuss abfeuern will, so sind die
B67: Erschwerungen 0;10;20;30.
B68: Der durch die Schüsse aufgebaute Rückstoß ist rundenübergreifend. Am Ende jeder Runde baut
B69: der Charakter den angesammelten Rückstoss mit seinem Stärkewert ab. Ein Beispiel: ein Charakter feuert 2 Schuss aus einer vierläufigen Waffe mit
B70: Rückstoß 8. Am Ende der Runde hat er also einen Rückstoß von 16 angesammelt. Der Charakter hat eine Stärke von 12, also leidet er am
B71: Anfang der nächsten Runde immer noch unter Rückstoß 4. Er kann sich nun entscheiden, ob er noch eine Sekunde wartet, um die Waffe
B72: wieder voll unter Kontrolle zu bringen, oder ob er die beiden ihm verbliebenen Schüsse abfeuert, wobei der erste Schuss bereits um 4 erschwert ist, der zweite um 12.
A73: Schadenswürfel und Fixschaden
B74: Die TP (Trefferpunkte) einer Feuerwaffe besteht aus drei Elementen: Dem ersten Schadenswürfel(1.Würfel), dem zweiten Schadenswürfel(2. Würfel) und dem Fixschaden. Alle drei Elemente werden bei einem Schuss addiert, um den Schaden zu ermitteln, den das Geschoss anrichtet.
B75: Würfel: | C75: Das W steht für Würfel und die Zahl bezeichnet wieviele Seiten der Würfel hat. Ein W8 bezeichnet also einen 8-seitigen Würfel.
B76: Fixschaden: | C76: Diese Zahl wird zum Ergebnis des Würfelwurfs addiert.
A77: RB (Rüstungsbrechend)
B78: Gibt an, in welchem Maße eine Waffe den Rüstungschutz des Getroffenen ignoriert. Eine Waffe mit RB18 ignoriert bis zu 18 Punkte Rüstungsschutz. Wird der Träger einer Rüstung mit RS20 von dieser Waffe getroffen, so wirken nur noch 2 Punkte RS gegen die angerichteten Trefferpunkte der Waffe.
B79: Überzählige Punkte RB verfallen.
A80: Kaliber
B81: Das Kaliber (kurz Kal.) ist ein Maß für den Durchmesser von Projektilen (Bei Nasus in Millimeter). Auch der Innendurchmesser des Laufes einer Waffe wird als Kaliber bezeichnet. Handelt es sich um einen gezogenen Lauf,
B82: so unterscheidet man zwischen Innenkaliber, dem Durchmesser zwischen den Feldern (den hervorstehenden Teilen der Laufinnenwand)
B83: und dem Außenkaliber, dem Durchmesser zwischen den Zügen (den eingeschnittenen Teilen der Laufinnenwand). Oft wird das Wort Kaliber auch in der Bedeutung von Munitionstyp oder Patronentyp benutzt.
B84: Eine Feuerwaffe muss mit Munition des gleichen Kalibers wie ihr Lauf geladen werden.
B85: Ausnahme:Bei allen Vorderladern mit Glattlauf ist es möglich, Geschosse mit einer Abweichung von 1mm zu laden. In diesem Fall wird der Schuss mit der Waffe um 1 erschwert.
A86: Reichweitenmodifikatoren
B87: Dieser Wert wird auf den Feuerwaffen-Basiswert des Schützen addiert. Dies ergibt den Probenwert des Schützen für die Trefferermittlung auf
B88: der jeweiligen Reichweite. Der für „10m“ ermittelte Probenwert findet im Bereich 0-10m Anwendung. Ab 10,x Metern wird bis 30m der für „30m“ ermittelte Probenwert verwendet und so fort. Ab einer Schussdistanz größer 210m wird der Probenwert ermittelt, indem man den doppelten 210m-Modifikator auf den Feuerwaffen-Basiswert des schützen addiert.
A89: RW (Reichweite)
B90: Gibt an, in welchen Intervallen (Angabe in Meter) das Geschoss an Kraft verliert. Beträgt die RW beispielsweise 100, so verliert das Geschoss alle 100m 1TP. Sinken die TP einer Waffe auf 0,
B91: so fällt es zu Boden. Wird die Reichweite in Klammern angegeben, z.B. (15), so gibt dies die Maximalreichweite der Waffe an, d.h. die Reichweite, bis zu der die Waffe TP anrichtet.
A92: Nachladezeit
B93: Dieser Wert gibt die Grundnachladezeit der Feuerwaffe in Sekunden (Kampfrunden) an.
A94: Nachlade-Teiler
B95: Durch diesen Wert wird die Summe aus der Geschicklichkeit und der Nachladefertigkeit eines Schützen geteilt, wodurch wir den Wert (in Sekunden/Kampfrunden) erhalten, um den ein Schütze seine Waffe schneller als die Grundnachladezeit nachladen kann.
B96: [(Geschicklichkeit + Ladeschütze X) : Nachlade-Teiler]
B97: Eine Beispielrechnung sieht so aus:
C98: Der Charakter Horst hat eine Geschicklichkeit von 16 und 6 Punkte in Ladeschütze Patrone. Er benutzt ein Gewehr des Typs Balrog mit einer Nachladezeit von 9 Sekunden und einem Nachlade-Teiler von 6.
C99: 1) 16 (Geschicklichkeit) + 6 (Ladeschütze Patrone) = 22
C100: 2) 22 : 6 (Nachlade-Teiler) = 3,66666 → aufgerundet 4
C101: 3) 9 (Grundnachladezeit der Balrog) - 4 = 5
C102: Horst braucht also 5 Sekunden (Kampfrunden) um seine Balrog nachzuladen.
A103: Patzermodifikator
B104: Würfelt ein Schütze bei einer Feuerwaffenprobe einen Patzer, erleidet seine Waffe eventuell eine Fehlfunktion. Um dies zu ermitteln, wirft er einen W12, addiert den Patzermodifikator der Waffe und teilt dem Meister das Ergebnis mit, welches dieser dann mit der Feuerwaffenpatzertabelle im Meisterscreen vergleicht.
B105: Beispiel: | C105: 1) Horst würfelt beim Abfeuern seiner Balrog (Patzermodifikator -7) einen Patzer.
...

Sheet Ressourcen-Waffen
A1: Name | B1: Volk | C1: Typ | D1: Bauart | E1: Lademechanik | F1: Schloss | G1: Lauf | H1: Munition | I1: Verarbeitung | J1: Anpassung | K1: Gewicht | L1: Mindeststärke | M1: 1.Würfel | N1: 2.Würfel | O1: Fixschaden | P1: RB | Q1: Kaliber | R1: 10m | S1: 30m | T1: 60m | U1: 100m | V1: 150m | W1: 210m | X1: RW | Y1: Nachladezeit | Z1: Nachladen TaW-Teiler | AA1: Patzermodifikator | AB1: Verfügbarkeit | AC1: Preis | AD1: Herstellungszeit | AE1: Lohn/d | AF1: Stahl/kg in D | AG1: Holz/kg in D | AH1: Gewicht Stahl in kg | AI1: Gewicht Holz in kg
A2: Karabiner | C2: Gewehr | D2: Bauart | K2: =AH2+AI2 -> -0.9 | L2: -1 | R2: 2 | T2: -2 | U2: -4 | V2: -6 | W2: -8 | X2: -10 | AB2: -20 | AH2: -0.8 | AI2: -0.1 | AJ2: Würfeltabelle | AL2: Goblins | AM2: Alle anderen | AO2: Verftabelle
A3: Karabiner VL | C3: Gewehr | D3: Bauart | K3: =AH3+AI3 -> -0.9 | L3: -1 | R3: 2 | T3: -2 | U3: -4 | V3: -6 | W3: -8 | X3: -10 | Y3: -1 | AB3: -10 | AH3: -0.8 | AI3: -0.1 | AJ3: -4 | AK3: W2 | AL3: Ausschuss | AM3: Ausschuss | AO3: -9999 | AP3: 7
A4: Goblinisch | B4: Volk | K4: =AH4+AI4 -> -0.7 | L4: -3 | P4: 3 | Q4: -1 | R4: -1 | S4: -1 | T4: -1 | U4: -2 | V4: -2 | W4: -2 | AA4: 2 | AB4: 40 | AD4: -3 | AH4: -0.5 | AI4: -0.2 | AJ4: -3 | AK4: W3 | AL4: Gob. Massenfabrikation | AM4: Massenfabrikation | AO4: 70 | AP4: 6
A5: Pocket Pistol | C5: Pistole | D5: Bauart | K5: =AH5+AI5 -> -0.7 | L5: -2 | M5: -2 | N5: -2 | P5: 3 | Q5: -2 | R5: 4 | S5: -5 | T5: -10 | U5: -20 | V5: -40 | W5: -80 | X5: -10 | Y5: -1 | AA5: -2 | AB5: -15 | AD5: 4 | AH5: -0.5 | AI5: -0.2 | AJ5: -2 | AK5: W4 | AL5: Massenfabrikation | AM5: Gesellenarbeit | AO5: 90 | AP5: 5
A6: Billig | C6: Gewehr | D6: Bauart | K6: =AH6+AI6 -> -0.5 | L6: -1 | R6: -1 | S6: -1 | T6: -2 | U6: -2 | V6: -3 | W6: -3 | X6: -10 | AA6: 1 | AB6: 10 | AD6: -0.5 | AH6: -0.5 | AJ6: -1 | AK6: W6 | AL6: Gesellenarbeit | AM6: Meisterarbeit | AO6: 110 | AP6: 4
A7: Billig P | C7: Pistole | D7: Bauart | K7: =AH7+AI7 -> -0.5 | L7: -1 | R7: -1 | S7: -1 | T7: -2 | U7: -2 | V7: -3 | W7: -3 | X7: -10 | AA7: 1 | AB7: 10 | AD7: -0.5 | AH7: -0.5 | AJ7: 0 | AK7: W8 | AL7: Meisterarbeit | AM7: Großmeisterarbeit | AO7: 130 | AP7: 3
A8: Block- oder Scharnierverschluss | E8: Lademechanismus | K8: =AH8+AI8 -> 0.1 | P8: 6 | Q8: -6 | Y8: 8 | Z8: 6 | AB8: -30 | AH8: 0.1 | AJ8: 1 | AK8: W10 | AL8: Großmeisterarbeit | AM8: Einzelstück | AO8: 150 | AP8: 2
A9: Hinterlader | E9: Lademechanismus | K9: =AH9+AI9 -> 0.1 | Y9: 11 | Z9: 6 | AB9: -5 | AH9: 0.1 | AJ9: 2 | AK9: W12 | AL9: Einzelstück | AO9: 170 | AP9: 1
A10: Klapplauf | E10: Lademechanismus | K10: =AH10+AI10 -> 0.1 | P10: 6 | Q10: -6 | Y10: 9 | Z10: 6 | AB10: -20 | AH10: 0.1 | AJ10: 3 | AK10: W15
A11: Gezogen | C11: Pistole | G11: Lauf | K11: =AH11+AI11 -> 0.15 | R11: 2 | S11: 3 | T11: 3 | U11: 2 | V11: 1 | W11: 1 | X11: 30 | AB11: -10 | AD11: 1.5 | AH11: 0.15 | AJ11: 4 | AK11: W20
A12: Böller | C12: Pistole | D12: Bauart | K12: =AH12+AI12 -> 0.3 | L12: 2 | M12: 1 | N12: 1 | O12: 3 | P12: -3 | Q12: 3 | S12: -5 | T12: -10 | U12: -15 | V12: -20 | W12: -25 | X12: -10 | Y12: 2 | AB12: -10 | AD12: 1 | AH12: 0.3 | AJ12: 5 | AK12: W30
A13: Langlauf | C13: Pistole | D13: Bauart | K13: =AH13+AI13 -> 0.3 | N13: 1 | O13: 1 | R13: -1 | S13: 2 | T13: 1 | U13: 1 | V13: 1 | W13: 1 | X13: 10 | AB13: -15 | AD13: 0.5 | AH13: 0.3
A14: Gezogen | C14: Gewehr | G14: Lauf | K14: =AH14+AI14 -> 0.3 | R14: 1 | S14: 3 | T14: 4 | U14: 4 | V14: 5 | W14: 5 | X14: 60 | AB14: -10 | AD14: 2 | AH14: 0.3
A15: Schwer P | C15: Pistole | D15: Bauart | K15: =AH15+AI15 -> 0.5 | L15: 2 | M15: 1 | N15: 1 | O15: 1 | P15: 1 | Q15: 1 | R15: -2 | S15: -1 | X15: 20 | Y15: 2 | AB15: -10 | AD15: 0.5 | AH15: 0.5
A16: Doppelläufig P | C16: Pistole | D16: Bauart | K16: =AH16+AI16 -> 0.6 | L16: 1 | N16: -1 | Q16: -1 | R16: -1 | S16: -1 | T16: -1 | U16: -1 | V16: -1 | W16: -1 | Y16: 3 | AB16: -30 | AD16: 1 | AH16: 0.6
A17: Präzisionsgewehr | C17: Gewehr | D17: Bauart | K17: =AH17+AI17 -> 0.7 | O17: 2 | R17: -2 | T17: 2 | U17: 3 | V17: 4 | W17: 5 | X17: 30 | Y17: 1 | AB17: -30 | AD17: 3 | AH17: 0.7
A18: Zwergisch | B18: Volk | K18: =AH18+AI18 -> 1 | L18: 1 | M18: 1 | N18: 1 | P18: 2 | R18: 1 | S18: 1 | T18: 1 | U18: 1 | V18: 1 | W18: 1 | AA18: -4 | AB18: 20 | AD18: 3 | AH18: 1
A19: Drow | B19: Volk | K19: =AH19+AI19 -> 1 | L19: 1 | M19: 2 | N19: 1 | Q19: 1 | R19: 2 | S19: 1 | V19: -1 | W19: -2 | AA19: -1 | AD19: 2 | AH19: 1
A20: Donnerbüchse | C20: Gewehr | D20: Bauart | K20: =AH20+AI20 -> 1 | L20: 2 | M20: 1 | N20: 1 | O20: 3 | P20: -3 | Q20: 3 | S20: -5 | T20: -10 | U20: -15 | V20: -20 | W20: -25 | X20: -20 | Y20: 2 | AB20: -15 | AD20: 1 | AH20: 1
A21: Schwer | C21: Gewehr | D21: Bauart | K21: =AH21+AI21 -> 1 | L21: 2 | M21: 1 | N21: 1 | O21: 1 | P21: 1 | Q21: 1 | R21: -2 | S21: -1 | X21: 20 | Y21: 2 | AB21: -10 | AD21: 1 | AH21: 1
A22: Doppelläufig | C22: Gewehr | D22: Bauart | K22: =AH22+AI22 -> 1.5 | L22: 1 | N22: -1 | Q22: -1 | R22: -1 | S22: -1 | T22: -1 | U22: -1 | V22: -1 | W22: -1 | Y22: 4 | AB22: -30 | AD22: 2 | AH22: 1.5
A23: Pistole | C23: TYP | K23: =AH23+AI23 -> 1.55 | L23: 7 | P23: 6 | Q23: 14 | R23: 7 | S23: -1 | T23: -11 | U23: -23 | V23: -37 | W23: -53 | X23: 30 | AB23: 100 | AD23: 7 | AF23: 150 | AG23: 1 | AH23: 1 | AI23: 0.55
A24: Orkisch | B24: Volk | K24: =AH24+AI24 -> 2 | L24: 3 | M24: 2 | N24: 2 | O24: 1 | P24: -1 | Q24: 2 | S24: -1 | T24: -2 | U24: -3 | V24: -4 | W24: -5 | X24: -10 | AA24: 1 | AH24: 1 | AI24: 1
A25: Vierläufig P | C25: Pistole | D25: Bauart | K25: =AH25+AI25 -> 2.1 | L25: 2 | M25: -1 | N25: -1 | Q25: -1 | R25: -2 | S25: -2 | T25: -2 | U25: -2 | V25: -2 | W25: -2 | Y25: 5 | AB25: -40 | AD25: 6 | AH25: 2.1
A26: Hakenbüchse | C26: Gewehr | D26: Bauart | K26: =AH26+AI26 -> 3 | L26: 4 | M26: 2 | N26: 1 | O26: 1 | P26: 3 | Q26: 2 | R26: -4 | S26: -2 | X26: 20 | Y26: 8 | AB26: -25 | AD26: 3 | AH26: 3
A27: Gewehr | C27: TYP | K27: =AH27+AI27 -> 3.8 | L27: 10 | O27: 1 | P27: 11 | Q27: 17 | R27: 4 | S27: -1 | T27: -6 | U27: -12 | V27: -19 | W27: -27 | X27: 40 | AB27: 100 | AD27: 7.2 | AF27: 150 | AG27: 1 | AH27: 1.9 | AI27: 1.9
A28: Vierläufig | C28: Gewehr | D28: Bauart | K28: =AH28+AI28 -> 4.5 | L28: 3 | M28: -1 | N28: -1 | Q28: -1 | R28: -2 | S28: -2 | T28: -2 | U28: -2 | V28: -2 | W28: -2 | Y28: 6 | AB28: -40 | AD28: 8 | AH28: 4.5
A29: Schwere Hakenbüchse (Trolltöter) | C29: Gewehr | D29: Bauart | K29: =AH29+AI29 -> 8 | L29: 8 | M29: 2 | N29: 2 | O29: 2 | P29: 4 | Q29: 4 | R29: -6 | S29: -3 | T29: -1 | X29: 50 | Y29: 12 | AB29: -25 | AD29: 6 | AH29: 8
A30: Dalkinisch | B30: Volk | R30: 1 | T30: -1 | U30: -1 | V30: -2 | W30: -2 | AA30: 1 | AB30: 10
A31: Elfisch | B31: Volk | R31: 3 | S31: 3 | T31: 3 | U31: 3 | V31: 3 | W31: 3 | X31: 20 | AA31: -1 | AB31: 20 | AD31: 2
A32: Ausschuss | I32: Verarbeitung | R32: -5 | S32: -5 | T32: -5 | U32: -5 | V32: -5 | W32: -5 | AA32: 5 | AB32: -20 | AE32: 1
A33: Einzelstück | I33: Verarbeitung | R33: 3 | S33: 3 | T33: 3 | U33: 3 | V33: 3 | W33: 3 | AA33: -3 | AB33: -30 | AE33: 142
A34: Gesellenarbeit | I34: Verarbeitung | AE34: 6
A35: Gob. Massenfabrikation | I35: Verarbeitung | R35: -2 | S35: -2 | T35: -2 | U35: -2 | V35: -2 | W35: -2 | AA35: 3 | AB35: 30 | AD35: -3.6 | AE35: 3 | AF35: -75 | AG35: -0.5
A36: Großmeisterarbeit | I36: Verarbeitung | R36: 2 | S36: 2 | T36: 2 | U36: 2 | V36: 2 | W36: 2 | AA36: -2 | AB36: -20 | AE36: 71
A37: Massenfabrikation | I37: Verarbeitung | R37: -1 | S37: -1 | T37: -1 | U37: -1 | V37: -1 | W37: -1 | AA37: 2 | AB37: 20 | AD37: -3 | AE37: 4 | AF37: -30 | AG37: -0.3
A38: Meisterarbeit | I38: Verarbeitung | R38: 1 | S38: 1 | T38: 1 | U38: 1 | V38: 1 | W38: 1 | AA38: -1 | AB38: -10 | AE38: 65
A39: Vorderlader | E39: Lademechanismus | Y39: 30 | Z39: 3
A40: Harpunengewehr | C40: Gewehr | D40: Bauart | AB40: -50
A41: Jagd | C41: Gewehr | D41: Bauart | O41: 1 | R41: -1 | T41: 1 | U41: 2 | V41: 3 | W41: 4 | X41: 10 | AB41: -15 | AD41: 2
A42: Normal | C42: Gewehr | D42: Bauart
A43: Normal P | C43: Pistole | D43: Bauart
A44: Angepasst | J44: Anpassung | L44: -1 | T44: 1 | U44: 1 | V44: 1 | W44: 1 | AB44: -2 | AD44: 2
A45: Perfekt Angepasst | J45: Anpassung | L45: -2 | S45: 1 | T45: 2 | U45: 2 | V45: 2 | W45: 2 | AB45: -4 | AD45: 4
A46: Von der Stange | J46: Anpassung
A47: Glattlauf | C47: Gewehr | G47: Lauf
A48: Glattlauf | C48: Pistole | G48: Lauf
A49: Luntenschloss | F49: Schloss | R49: -1 | S49: -1 | T49: -1 | U49: -1 | V49: -1 | W49: -1 | Y49: 1 | AA49: 1 | AD49: -1
A50: Nadelzündung | F50: Schloss | R50: 2 | S50: 2 | T50: 2 | U50: 2 | V50: 2 | W50: 2 | AA50: -2 | AB50: -15 | AD50: 2
A51: Perkussionsschloss | F51: Schloss | R51: 1 | S51: 1 | T51: 1 | U51: 1 | V51: 1 | W51: 1 | Y51: -1 | AA51: -1 | AB51: -10 | AD51: 1
A52: Radschloss | F52: Schloss | R52: 2 | S52: 2 | T52: 2 | U52: 2 | V52: 2 | W52: 2 | Y52: 3 | AB52: -30 | AD52: 10
A53: Schlagbolzen | F53: Schloss | R53: 2 | S53: 2 | T53: 2 | U53: 2 | V53: 2 | W53: 2 | AA53: -3 | AB53: -20 | AD53: 3
A54: Steinschloss | F54: Schloss

Sheet Ressourcen-Munition
A1: Grund-werte | C1: D/KG | D1: MassenF. D/KG | F1: D/Tag
B2: Messing | C2: 32 | D2: =C2*0.8 -> 25.6 | E2: Kugelgießer | F2: 1
B3: Blei | C3: 12 | D3: =C3*0.8 -> 9.6 | E3: (Schwarz-)Pulvermischer | F3: 1.5
B4: Schwarzpulver | C4: 85 | D4: =C4*0.8 -> 68 | E4: Munitiosmanofaktur Pauschale/tag | F4: 20 | G4: Bezahlung beinhaltet Nanofakturkosten und 3 Vorabeiter
B5: Papier | C5: =(1.2/80)*1000 -> 15 | D5: =C5*0.8 -> 12
E6: Komplette Manofaktur | F6: =F4+(F3*6)+(F2*9) -> 38 | G6: Bezahlung beinhaltet Nanofakturkosten, 3 Vorabeiter, 6 (Schwarz-)Pulvermischer, 9Kugelgießer
H9: Preise Pro kg
G10: Schwarzpulver | H10: Blei | I10: Papier | J10: Messing
G11: =D4 -> 68 | H11: =D3 -> 9.6 | I11: =D5 -> 12 | J11: =D2 -> 25.6
A13: Name | B13: Schwazpulver/kg | C13: Blei/kg | D13: Papier/kg | E13: Messing/kg | F13: Gesammt Gewicht/kg | G13: Preis Schwazpulver | H13: Preis Blei | I13: Preis Papier | J13: Preis Messing | K13: Materieal Preis Gesammt | L13: Manofaktur ausstoß pro tag | M13: Herstellungskosten | N13: Gesammtkostem/Schuss
A14: Blei(+Schwatzpulver) | B14: 0.005 | C14: 0.004 | F14: =B14+C14+D14+E14 -> 0.009 | G14: =(B14*G11) -> 0.34 | H14: =(C14*H11) -> 0.0384 | I14: =(D14*I11) -> 0 | J14: =(E14*J11) -> 0 | K14: =G14+H14+I14+J14 -> 0.3784 | L14: 10000 | M14: =F6/L14 -> 0.0038 | N14: =M14+K14 -> 0.3822
A15: VL.Papier Patrone | B15: 0.005 | C15: 0.004 | D15: 0.002 | F15: =B15+C15+D15+E15 -> 0.011 | G15: =B15*G11 -> 0.34 | H15: =B15*H11 -> 0.048 | I15: =D15*I11 -> 0.024 | J15: =E15*J11 -> 0 | K15: =G15+H15+I15+J15 -> 0.412 | L15: 4000 | M15: =F6/L15 -> 0.0095 | N15: =M15+K15 -> 0.4215
A16: Papierpatrone | B16: 0.005 | C16: 0.005 | D16: 0.002 | E16: 0.01 | F16: =B16+C16+D16+E16 -> 0.022 | G16: =(B16*G11) -> 0.34 | H16: =(C16*H11) -> 0.048 | I16: =(D16*I11) -> 0.024 | J16: =(E16*J11) -> 0.256 | K16: =G16+H16+I16+J16 -> 0.668 | L16: 3000 | M16: =F6/L16 -> 0.012666667 | N16: =M16+K16 -> 0.68066667
A17: Messing Patrone | B17: 0.005 | C17: 0.004 | E17: 0.015 | F17: =B17+C17+D17+E17 -> 0.024 | G17: =(B17*G11) -> 0.34 | H17: =(C17*H11) -> 0.0384 | I17: =(D17*I11) -> 0 | J17: =(E17*J11) -> 0.384 | K17: =G17+H17+I17+J17 -> 0.7624 | L17: 2000 | M17: =F6/L17 -> 0.019 | N17: =M17+K17 -> 0.7814
A22: Name | B22: Art | C22: Kaliber | D22: Preis (1Schuss) | E22: Preis (10 Schuss) | F22: Preis (50Schuss) | G22: Preis (100Schuss) | H22: Preis (500Schuss) | I22: Preis (1.000Schuss)
B23: S.P.&Blei | C23: 12 | D23: =N14*0.96 -> 0.366912 | E23: =D23*10 -> 3.66912 | F23: =D23*50 -> 18.3456 | G23: =D23*100 -> 36.6912 | H23: =D23*500 -> 183.456 | I23: =D23*1000 -> 366.912
B24: S.P.&Blei | C24: 13 | D24: =N14*0.98 -> 0.374556 | E24: =D24*10 -> 3.74556 | F24: =D24*50 -> 18.7278 | G24: =D24*100 -> 37.4556 | H24: =D24*500 -> 187.278 | I24: =D24*1000 -> 374.556
B25: S.P.&Blei | C25: 14 | D25: =N14 -> 0.3822 | E25: =D25*10 -> 3.822 | F25: =D25*50 -> 19.11 | G25: =D25*100 -> 38.22 | H25: =D25*500 -> 191.1 | I25: =D25*1000 -> 382.2
B26: S.P.&Blei | C26: 15 | D26: =N14*1.02 -> 0.389844 | E26: =D26*10 -> 3.89844 | F26: =D26*50 -> 19.4922 | G26: =D26*100 -> 38.9844 | H26: =D26*500 -> 194.922 | I26: =D26*1000 -> 389.844
B27: S.P.&Blei | C27: 16 | D27: =N14*1.04 -> 0.397488 | E27: =D27*10 -> 3.97488 | F27: =D27*50 -> 19.8744 | G27: =D27*100 -> 39.7488 | H27: =D27*500 -> 198.744 | I27: =D27*1000 -> 397.488
B28: S.P.&Blei | C28: 17 | D28: =N14*1.06 -> 0.405132 | E28: =D28*10 -> 4.05132 | F28: =D28*50 -> 20.2566 | G28: =D28*100 -> 40.5132 | H28: =D28*500 -> 202.566 | I28: =D28*1000 -> 405.132
B29: S.P.&Blei | C29: 18 | D29: =N14*1.08 -> 0.412776 | E29: =D29*10 -> 4.12776 | F29: =D29*50 -> 20.6388 | G29: =D29*100 -> 41.2776 | H29: =D29*500 -> 206.388 | I29: =D29*1000 -> 412.776
B30: S.P.&Blei | C30: 19 | D30: =N14*1.1 -> 0.42042 | E30: =D30*10 -> 4.2042 | F30: =D30*50 -> 21.021 | G30: =D30*100 -> 42.042 | H30: =D30*500 -> 210.21 | I30: =D30*1000 -> 420.42
B31: S.P.&Blei | C31: 20 | D31: =N14*1.12 -> 0.428064 | E31: =D31*10 -> 4.28064 | F31: =D31*50 -> 21.4032 | G31: =D31*100 -> 42.8064 | H31: =D31*500 -> 214.032 | I31: =D31*1000 -> 428.064
B32: S.P.&Blei | C32: 21 | D32: =N14*1.14 -> 0.435708 | E32: =D32*10 -> 4.35708 | F32: =D32*50 -> 21.7854 | G32: =D32*100 -> 43.5708 | H32: =D32*500 -> 217.854 | I32: =D32*1000 -> 435.708
B33: S.P.&Blei | C33: 22 | D33: =N14*1.16 -> 0.443352 | E33: =D33*10 -> 4.43352 | F33: =D33*50 -> 22.1676 | G33: =D33*100 -> 44.3352 | H33: =D33*500 -> 221.676 | I33: =D33*1000 -> 443.352
B34: S.P.&Blei | C34: 23 | D34: =N14*1.18 -> 0.450996 | E34: =D34*10 -> 4.50996 | F34: =D34*50 -> 22.5498 | G34: =D34*100 -> 45.0996 | H34: =D34*500 -> 225.498 | I34: =D34*1000 -> 450.996
B35: VL.Papier Patrone | C35: 12 | D35: =N15*0.97 -> 0.408855 | E35: =D35*10 -> 4.08855 | F35: =D35*50 -> 20.44275 | G35: =D35*100 -> 40.8855 | H35: =D35*500 -> 204.4275 | I35: =D35*1000 -> 408.855
B36: VL.Papier Patrone | C36: 13 | D36: =N15*0.985 -> 0.4151775 | E36: =D36*10 -> 4.151775 | F36: =D36*50 -> 20.758875 | G36: =D36*100 -> 41.51775 | H36: =D36*500 -> 207.58875 | I36: =D36*1000 -> 415.1775
B37: VL.Papier Patrone | C37: 14 | D37: =N15 -> 0.4215 | E37: =D37*10 -> 4.215 | F37: =D37*50 -> 21.075 | G37: =D37*100 -> 42.15 | H37: =D37*500 -> 210.75 | I37: =D37*1000 -> 421.5
B38: VL.Papier Patrone | C38: 15 | D38: =N15*1.015 -> 0.4278225 | E38: =D38*10 -> 4.278225 | F38: =D38*50 -> 21.391125 | G38: =D38*100 -> 42.78225 | H38: =D38*500 -> 213.91125 | I38: =D38*1000 -> 427.8225
B39: VL.Papier Patrone | C39: 16 | D39: =N15*1.03 -> 0.434145 | E39: =D39*10 -> 4.34145 | F39: =D39*50 -> 21.70725 | G39: =D39*100 -> 43.4145 | H39: =D39*500 -> 217.0725 | I39: =D39*1000 -> 434.145
B40: VL.Papier Patrone | C40: 17 | D40: =N15*1.045 -> 0.4404675 | E40: =D40*10 -> 4.404675 | F40: =D40*50 -> 22.023375 | G40: =D40*100 -> 44.04675 | H40: =D40*500 -> 220.23375 | I40: =D40*1000 -> 440.4675
B41: VL.Papier Patrone | C41: 18 | D41: =N15*1.06 -> 0.44679 | E41: =D41*10 -> 4.4679 | F41: =D41*50 -> 22.3395 | G41: =D41*100 -> 44.679 | H41: =D41*500 -> 223.395 | I41: =D41*1000 -> 446.79
B42: VL.Papier Patrone | C42: 19 | D42: =N15*1.075 -> 0.4531125 | E42: =D42*10 -> 4.531125 | F42: =D42*50 -> 22.655625 | G42: =D42*100 -> 45.31125 | H42: =D42*500 -> 226.55625 | I42: =D42*1000 -> 453.1125
B43: VL.Papier Patrone | C43: 20 | D43: =N15*1.09 -> 0.459435 | E43: =D43*10 -> 4.59435 | F43: =D43*50 -> 22.97175 | G43: =D43*100 -> 45.9435 | H43: =D43*500 -> 229.7175 | I43: =D43*1000 -> 459.435
B44: VL.Papier Patrone | C44: 21 | D44: =N15*1.105 -> 0.4657575 | E44: =D44*10 -> 4.657575 | F44: =D44*50 -> 23.287875 | G44: =D44*100 -> 46.57575 | H44: =D44*500 -> 232.87875 | I44: =D44*1000 -> 465.7575
B45: VL.Papier Patrone | C45: 22 | D45: =N15*1.12 -> 0.47208 | E45: =D45*10 -> 4.7208 | F45: =D45*50 -> 23.604 | G45: =D45*100 -> 47.208 | H45: =D45*500 -> 236.04 | I45: =D45*1000 -> 472.08
B46: VL.Papier Patrone | C46: 23 | D46: =N15*1.135 -> 0.4784025 | E46: =D46*10 -> 4.784025 | F46: =D46*50 -> 23.920125 | G46: =D46*100 -> 47.84025 | H46: =D46*500 -> 239.20125 | I46: =D46*1000 -> 478.4025
B47: Papier Patrone | C47: 16 | D47: =N16 -> 0.68066667 | E47: =D47*10 -> 6.8066667 | F47: =D47*50 -> 34.033333 | G47: =D47*100 -> 68.066667 | H47: =D47*500 -> 340.33333 | I47: =D47*1000 -> 680.66667
B48: Papier Patrone | C48: 17 | D48: =N16*1.03 -> 0.70108667 | E48: =D48*10 -> 7.0108667 | F48: =D48*50 -> 35.054333 | G48: =D48*100 -> 70.108667 | H48: =D48*500 -> 350.54333 | I48: =D48*1000 -> 701.08667
B49: Papier Patrone | C49: 18 | D49: =N16*1.06 -> 0.72150667 | E49: =D49*10 -> 7.2150667 | F49: =D49*50 -> 36.075333 | G49: =D49*100 -> 72.150667 | H49: =D49*500 -> 360.75333 | I49: =D49*1000 -> 721.50667
B50: Papier Patrone | C50: 19 | D50: =N16*1.09 -> 0.74192667 | E50: =D50*10 -> 7.4192667 | F50: =D50*50 -> 37.096333 | G50: =D50*100 -> 74.192667 | H50: =D50*500 -> 370.96333 | I50: =D50*1000 -> 741.92667
B51: Messing Patrone | C51: 7 | D51: =N17 -> 0.7814 | E51: =D51*10 -> 7.814 | F51: =D51*50 -> 39.07 | G51: =D51*100 -> 78.14 | H51: =D51*500 -> 390.7 | I51: =D51*1000 -> 781.4
B52: Messing Patrone | C52: 8 | D52: =N17*1.056 -> 0.8251584 | E52: =D52*10 -> 8.251584 | F52: =D52*50 -> 41.25792 | G52: =D52*100 -> 82.51584 | H52: =D52*500 -> 412.5792 | I52: =D52*1000 -> 825.1584
B53: Messing Patrone | C53: 9 | D53: =N17*1.112 -> 0.8689168 | E53: =D53*10 -> 8.689168 | F53: =D53*50 -> 43.44584 | G53: =D53*100 -> 86.89168 | H53: =D53*500 -> 434.4584 | I53: =D53*1000 -> 868.9168
B54: Messing Patrone | C54: 10 | D54: =N17*1.168 -> 0.9126752 | E54: =D54*10 -> 9.126752 | F54: =D54*50 -> 45.63376 | G54: =D54*100 -> 91.26752 | H54: =D54*500 -> 456.3376 | I54: =D54*1000 -> 912.6752
B55: Messing Patrone | C55: 11 | D55: =N17*1.224 -> 0.9564336 | E55: =D55*10 -> 9.564336 | F55: =D55*50 -> 47.82168 | G55: =D55*100 -> 95.64336 | H55: =D55*500 -> 478.2168 | I55: =D55*1000 -> 956.4336
B56: Messing Patrone | C56: 12 | D56: =N17*1.28 -> 1.000192 | E56: =D56*10 -> 10.00192 | F56: =D56*50 -> 50.0096 | G56: =D56*100 -> 100.0192 | H56: =D56*500 -> 500.096 | I56: =D56*1000 -> 1000.192
